Iteration,Learning Rate,Batch Size,Gamma,GAE Lambda,Mean Score
1,0.00025,64,0.99,0.95,[29.62]
2,0.00025,64,0.99,0.95,[28.64]
3,0.00025,64,0.99,0.95,[29.52]
4,0.00025,64,0.99,0.95,[28.16]
5,0.00025,64,0.99,0.95,[29.68]
6,0.00025,64,0.99,0.95,[27.86]
7,0.00025,64,0.99,0.95,[31.96]
8,0.00025,64,0.99,0.95,[23.6]
9,0.00025,64,0.99,0.95,[37.68]
10,0.00025,64,0.99,0.95,[31.7]
11,0.00025,64,0.99,0.95,[28.44]
12,0.00025,64,0.99,0.95,[25.54]
13,0.00025,64,0.99,0.95,[24.58]
14,0.00025,64,0.99,0.95,[26.3]
15,0.00025,64,0.99,0.95,[26.04]
16,0.00025,64,0.99,0.95,[35.02]
17,0.00025,64,0.99,0.95,[31.88]
18,0.00025,64,0.99,0.95,[30.58]
19,0.00025,64,0.99,0.95,[33.44]
20,0.00025,64,0.99,0.95,[27.44]
21,0.00025,64,0.99,0.95,[28.32]
22,0.00025,64,0.99,0.95,[31.]
23,0.00025,64,0.99,0.95,[28.54]
24,0.00025,64,0.99,0.95,[26.64]
25,0.00025,64,0.99,0.95,[28.56]
26,0.00025,64,0.99,0.95,[26.42]
27,0.00025,64,0.99,0.95,[22.7]
28,0.00025,64,0.99,0.95,[29.14]
29,0.00025,64,0.99,0.95,[27.9]
30,0.00025,64,0.99,0.95,[32.4]
31,0.00025,64,0.99,0.95,[28.16]
32,0.00025,64,0.99,0.95,[27.48]
33,0.00025,64,0.99,0.95,[31.5]
34,0.00025,64,0.99,0.95,[27.5]
35,0.00025,64,0.99,0.95,[25.76]
36,0.00025,64,0.99,0.95,[26.98]
37,0.00025,64,0.99,0.95,[28.24]
38,0.00025,64,0.99,0.95,[27.58]
39,0.00025,64,0.99,0.95,[27.74]
40,0.00025,64,0.99,0.95,[29.]
41,0.00025,64,0.99,0.95,[24.86]
42,0.00025,64,0.99,0.95,[30.74]
43,0.00025,64,0.99,0.95,[27.08]
44,0.00025,64,0.99,0.95,[27.9]
45,0.00025,64,0.99,0.95,[32.56]
46,0.00025,64,0.99,0.95,[29.64]
47,0.00025,64,0.99,0.95,[26.76]
48,0.00025,64,0.99,0.95,[27.44]
49,0.00025,64,0.99,0.95,[27.12]
50,0.00025,64,0.99,0.95,[33.62]
51,0.00025,64,0.99,0.95,[26.68]
52,0.00025,64,0.99,0.95,[28.76]
53,0.00025,64,0.99,0.95,[28.34]
54,0.00025,64,0.99,0.95,[31.98]
55,0.00025,64,0.99,0.95,[29.82]
56,0.00025,64,0.99,0.95,[25.68]
57,0.00025,64,0.99,0.95,[32.72]
58,0.00025,64,0.99,0.95,[36.26]
59,0.00025,64,0.99,0.95,[29.14]
60,0.00025,64,0.99,0.95,[27.16]
61,0.00025,64,0.99,0.95,[27.18]
62,0.00025,64,0.99,0.95,[32.7]
63,0.00025,64,0.99,0.95,[30.74]
64,0.00025,64,0.99,0.95,[27.14]
65,0.00025,64,0.99,0.95,[27.78]
66,0.00025,64,0.99,0.95,[26.12]
67,0.00025,64,0.99,0.95,[28.36]
68,0.00025,64,0.99,0.95,[27.04]
69,0.00025,64,0.99,0.95,[31.76]
70,0.00025,64,0.99,0.95,[24.94]
71,0.00025,64,0.99,0.95,[33.36]
72,0.00025,64,0.99,0.95,[24.8]
73,0.00025,64,0.99,0.95,[28.98]
74,0.00025,64,0.99,0.95,[27.74]
75,0.00025,64,0.99,0.95,[30.04]
76,0.00025,64,0.99,0.95,[28.54]
77,0.00025,64,0.99,0.95,[29.02]
78,0.00025,64,0.99,0.95,[29.12]
79,0.00025,64,0.99,0.95,[34.28]
80,0.00025,64,0.99,0.95,[28.]
81,0.00025,64,0.99,0.95,[30.7]
82,0.00025,64,0.99,0.95,[24.84]
83,0.00025,64,0.99,0.95,[27.38]
84,0.00025,64,0.99,0.95,[30.26]
85,0.00025,64,0.99,0.95,[29.04]
86,0.00025,64,0.99,0.95,[28.44]
87,0.00025,64,0.99,0.95,[28.78]
88,0.00025,64,0.99,0.95,[30.24]
89,0.00025,64,0.99,0.95,[25.06]
90,0.00025,64,0.99,0.95,[24.52]
91,0.00025,64,0.99,0.95,[34.76]
92,0.00025,64,0.99,0.95,[26.84]
93,0.00025,64,0.99,0.95,[28.56]
94,0.00025,64,0.99,0.95,[33.88]
95,0.00025,64,0.99,0.95,[29.86]
96,0.00025,64,0.99,0.95,[29.24]
97,0.00025,64,0.99,0.95,[28.44]
98,0.00025,64,0.99,0.95,[32.32]
99,0.00025,64,0.99,0.95,[26.88]
100,0.00025,64,0.99,0.95,[32.7]
101,0.00025,64,0.99,0.95,[33.34]
102,0.00025,64,0.99,0.95,[31.6]
103,0.00025,64,0.99,0.95,[27.38]
104,0.00025,64,0.99,0.95,[31.2]
105,0.00025,64,0.99,0.95,[29.68]
106,0.00025,64,0.99,0.95,[34.76]
107,0.00025,64,0.99,0.95,[30.14]
108,0.00025,64,0.99,0.95,[26.82]
109,0.00025,64,0.99,0.95,[33.96]
110,0.00025,64,0.99,0.95,[28.14]
111,0.00025,64,0.99,0.95,[31.04]
112,0.00025,64,0.99,0.95,[28.82]
113,0.00025,64,0.99,0.95,[24.48]
114,0.00025,64,0.99,0.95,[31.6]
115,0.00025,64,0.99,0.95,[26.44]
116,0.00025,64,0.99,0.95,[25.78]
117,0.00025,64,0.99,0.95,[29.64]
118,0.00025,64,0.99,0.95,[24.82]
119,0.00025,64,0.99,0.95,[32.32]
120,0.00025,64,0.99,0.95,[25.84]
121,0.00025,64,0.99,0.95,[31.46]
122,0.00025,64,0.99,0.95,[26.56]
123,0.00025,64,0.99,0.95,[29.28]
124,0.00025,64,0.99,0.95,[29.7]
125,0.00025,64,0.99,0.95,[32.22]
126,0.00025,64,0.99,0.95,[28.94]
127,0.00025,64,0.99,0.95,[27.02]
128,0.00025,64,0.99,0.95,[30.58]
129,0.00025,64,0.99,0.95,[26.36]
130,0.00025,64,0.99,0.95,[27.32]
131,0.00025,64,0.99,0.95,[28.32]
132,0.00025,64,0.99,0.95,[24.38]
133,0.00025,64,0.99,0.95,[25.7]
134,0.00025,64,0.99,0.95,[24.9]
135,0.00025,64,0.99,0.95,[28.06]
136,0.00025,64,0.99,0.95,[26.92]
137,0.00025,64,0.99,0.95,[36.3]
138,0.00025,64,0.99,0.95,[27.68]
139,0.00025,64,0.99,0.95,[32.72]
140,0.00025,64,0.99,0.95,[29.78]
141,0.00025,64,0.99,0.95,[28.04]
142,0.00025,64,0.99,0.95,[25.48]
143,0.00025,64,0.99,0.95,[32.48]
144,0.00025,64,0.99,0.95,[27.24]
145,0.00025,64,0.99,0.95,[30.8]
146,0.00025,64,0.99,0.95,[27.54]
147,0.00025,64,0.99,0.95,[33.98]
148,0.00025,64,0.99,0.95,[25.94]
149,0.00025,64,0.99,0.95,[29.82]
150,0.00025,64,0.99,0.95,[28.56]
151,0.00025,64,0.99,0.95,[30.42]
152,0.00025,64,0.99,0.95,[32.86]
153,0.00025,64,0.99,0.95,[30.08]
154,0.00025,64,0.99,0.95,[27.8]
155,0.00025,64,0.99,0.95,[28.58]
156,0.00025,64,0.99,0.95,[31.36]
157,0.00025,64,0.99,0.95,[26.16]
158,0.00025,64,0.99,0.95,[32.98]
159,0.00025,64,0.99,0.95,[21.96]
160,0.00025,64,0.99,0.95,[26.84]
161,0.00025,64,0.99,0.95,[26.58]
162,0.00025,64,0.99,0.95,[26.04]
163,0.00025,64,0.99,0.95,[32.58]
164,0.00025,64,0.99,0.95,[28.26]
165,0.00025,64,0.99,0.95,[32.82]
166,0.00025,64,0.99,0.95,[27.8]
167,0.00025,64,0.99,0.95,[24.38]
168,0.00025,64,0.99,0.95,[32.18]
169,0.00025,64,0.99,0.95,[26.18]
170,0.00025,64,0.99,0.95,[29.86]
171,0.00025,64,0.99,0.95,[26.78]
172,0.00025,64,0.99,0.95,[25.72]
173,0.00025,64,0.99,0.95,[28.74]
174,0.00025,64,0.99,0.95,[29.14]
175,0.00025,64,0.99,0.95,[26.74]
176,0.00025,64,0.99,0.95,[29.18]
177,0.00025,64,0.99,0.95,[28.16]
178,0.00025,64,0.99,0.95,[30.22]
179,0.00025,64,0.99,0.95,[28.2]
180,0.00025,64,0.99,0.95,[31.26]
181,0.00025,64,0.99,0.95,[24.96]
182,0.00025,64,0.99,0.95,[31.08]
183,0.00025,64,0.99,0.95,[30.18]
184,0.00025,64,0.99,0.95,[27.36]
185,0.00025,64,0.99,0.95,[28.18]
186,0.00025,64,0.99,0.95,[29.34]
187,0.00025,64,0.99,0.95,[26.7]
188,0.00025,64,0.99,0.95,[27.94]
189,0.00025,64,0.99,0.95,[31.74]
190,0.00025,64,0.99,0.95,[28.04]
191,0.00025,64,0.99,0.95,[27.86]
192,0.00025,64,0.99,0.95,[33.32]
193,0.00025,64,0.99,0.95,[25.86]
194,0.00025,64,0.99,0.95,[25.52]
195,0.00025,64,0.99,0.95,[27.66]
196,0.00025,64,0.99,0.95,[26.32]
197,0.00025,64,0.99,0.95,[34.8]
198,0.00025,64,0.99,0.95,[28.26]
199,0.00025,64,0.99,0.95,[30.26]
200,0.00025,64,0.99,0.95,[30.32]
201,0.00025,64,0.99,0.95,[26.5]
202,0.00025,64,0.99,0.95,[26.18]
203,0.00025,64,0.99,0.95,[26.38]
204,0.00025,64,0.99,0.95,[28.2]
205,0.00025,64,0.99,0.95,[26.2]
206,0.00025,64,0.99,0.95,[24.94]
207,0.00025,64,0.99,0.95,[22.7]
208,0.00025,64,0.99,0.95,[32.68]
209,0.00025,64,0.99,0.95,[26.44]
210,0.00025,64,0.99,0.95,[26.42]
211,0.00025,64,0.99,0.95,[34.36]
212,0.00025,64,0.99,0.95,[26.76]
213,0.00025,64,0.99,0.95,[34.56]
214,0.00025,64,0.99,0.95,[26.4]
215,0.00025,64,0.99,0.95,[26.28]
216,0.00025,64,0.99,0.95,[27.1]
217,0.00025,64,0.99,0.95,[30.38]
218,0.00025,64,0.99,0.95,[28.36]
219,0.00025,64,0.99,0.95,[26.7]
220,0.00025,64,0.99,0.95,[28.08]
221,0.00025,64,0.99,0.95,[26.54]
222,0.00025,64,0.99,0.95,[30.82]
223,0.00025,64,0.99,0.95,[28.34]
224,0.00025,64,0.99,0.95,[29.9]
225,0.00025,64,0.99,0.95,[36.44]
226,0.00025,64,0.99,0.95,[24.32]
227,0.00025,64,0.99,0.95,[28.82]
228,0.00025,64,0.99,0.95,[27.38]
229,0.00025,64,0.99,0.95,[29.02]
230,0.00025,64,0.99,0.95,[32.54]
231,0.00025,64,0.99,0.95,[23.86]
232,0.00025,64,0.99,0.95,[23.62]
233,0.00025,64,0.99,0.95,[26.12]
234,0.00025,64,0.99,0.95,[31.54]
235,0.00025,64,0.99,0.95,[30.98]
236,0.00025,64,0.99,0.95,[28.46]
237,0.00025,64,0.99,0.95,[22.8]
238,0.00025,64,0.99,0.95,[31.08]
239,0.00025,64,0.99,0.95,[34.12]
240,0.00025,64,0.99,0.95,[37.3]
241,0.00025,64,0.99,0.95,[27.46]
242,0.00025,64,0.99,0.95,[26.18]
243,0.00025,64,0.99,0.95,[27.34]
244,0.00025,64,0.99,0.95,[27.4]
245,0.00025,64,0.99,0.95,[26.3]
246,0.00025,64,0.99,0.95,[24.52]
247,0.00025,64,0.99,0.95,[22.86]
248,0.00025,64,0.99,0.95,[26.68]
249,0.00025,64,0.99,0.95,[28.42]
250,0.00025,64,0.99,0.95,[25.3]
251,0.00025,64,0.99,0.95,[34.38]
252,0.00025,64,0.99,0.95,[25.34]
253,0.00025,64,0.99,0.95,[29.94]
254,0.00025,64,0.99,0.95,[28.6]
255,0.00025,64,0.99,0.95,[37.38]
256,0.00025,64,0.99,0.95,[32.46]
257,0.00025,64,0.99,0.95,[34.12]
258,0.00025,64,0.99,0.95,[29.88]
259,0.00025,64,0.99,0.95,[26.48]
260,0.00025,64,0.99,0.95,[28.48]
261,0.00025,64,0.99,0.95,[29.88]
262,0.00025,64,0.99,0.95,[31.34]
263,0.00025,64,0.99,0.95,[30.24]
264,0.00025,64,0.99,0.95,[27.02]
265,0.00025,64,0.99,0.95,[23.94]
266,0.00025,64,0.99,0.95,[32.7]
267,0.00025,64,0.99,0.95,[33.34]
268,0.00025,64,0.99,0.95,[21.9]
269,0.00025,64,0.99,0.95,[29.5]
270,0.00025,64,0.99,0.95,[26.48]
271,0.00025,64,0.99,0.95,[31.14]
272,0.00025,64,0.99,0.95,[32.1]
273,0.00025,64,0.99,0.95,[27.32]
274,0.00025,64,0.99,0.95,[28.08]
275,0.00025,64,0.99,0.95,[27.52]
276,0.00025,64,0.99,0.95,[23.68]
277,0.00025,64,0.99,0.95,[25.54]
278,0.00025,64,0.99,0.95,[28.1]
279,0.00025,64,0.99,0.95,[24.36]
280,0.00025,64,0.99,0.95,[30.9]
281,0.00025,64,0.99,0.95,[26.36]
282,0.00025,64,0.99,0.95,[26.18]
283,0.00025,64,0.99,0.95,[24.18]
284,0.00025,64,0.99,0.95,[28.72]
285,0.00025,64,0.99,0.95,[25.34]
286,0.00025,64,0.99,0.95,[25.44]
287,0.00025,64,0.99,0.95,[29.44]
288,0.00025,64,0.99,0.95,[29.02]
289,0.00025,64,0.99,0.95,[28.78]
290,0.00025,64,0.99,0.95,[30.88]
291,0.00025,64,0.99,0.95,[27.92]
292,0.00025,64,0.99,0.95,[28.1]
293,0.00025,64,0.99,0.95,[35.66]
294,0.00025,64,0.99,0.95,[30.84]
295,0.00025,64,0.99,0.95,[29.52]
296,0.00025,64,0.99,0.95,[30.26]
297,0.00025,64,0.99,0.95,[34.9]
298,0.00025,64,0.99,0.95,[33.84]
299,0.00025,64,0.99,0.95,[28.5]
300,0.00025,64,0.99,0.95,[22.74]
301,0.00025,64,0.99,0.95,[29.52]
302,0.00025,64,0.99,0.95,[31.24]
303,0.00025,64,0.99,0.95,[35.42]
304,0.00025,64,0.99,0.95,[29.14]
305,0.00025,64,0.99,0.95,[28.14]
306,0.00025,64,0.99,0.95,[30.92]
307,0.00025,64,0.99,0.95,[26.82]
308,0.00025,64,0.99,0.95,[20.96]
309,0.00025,64,0.99,0.95,[25.2]
310,0.00025,64,0.99,0.95,[32.44]
311,0.00025,64,0.99,0.95,[24.84]
312,0.00025,64,0.99,0.95,[28.5]
313,0.00025,64,0.99,0.95,[29.38]
314,0.00025,64,0.99,0.95,[32.34]
315,0.00025,64,0.99,0.95,[32.28]
316,0.00025,64,0.99,0.95,[31.44]
317,0.00025,64,0.99,0.95,[29.1]
318,0.00025,64,0.99,0.95,[23.42]
319,0.00025,64,0.99,0.95,[24.48]
320,0.00025,64,0.99,0.95,[26.5]
321,0.00025,64,0.99,0.95,[32.02]
322,0.00025,64,0.99,0.95,[25.74]
323,0.00025,64,0.99,0.95,[25.5]
324,0.00025,64,0.99,0.95,[27.82]
325,0.00025,64,0.99,0.95,[25.44]
326,0.00025,64,0.99,0.95,[25.76]
327,0.00025,64,0.99,0.95,[29.28]
328,0.00025,64,0.99,0.95,[24.98]
329,0.00025,64,0.99,0.95,[29.86]
330,0.00025,64,0.99,0.95,[30.22]
331,0.00025,64,0.99,0.95,[27.42]
332,0.00025,64,0.99,0.95,[28.6]
333,0.00025,64,0.99,0.95,[30.48]
334,0.00025,64,0.99,0.95,[26.84]
335,0.00025,64,0.99,0.95,[29.74]
336,0.00025,64,0.99,0.95,[31.88]
337,0.00025,64,0.99,0.95,[22.04]
338,0.00025,64,0.99,0.95,[32.5]
339,0.00025,64,0.99,0.95,[24.9]
340,0.00025,64,0.99,0.95,[28.52]
341,0.00025,64,0.99,0.95,[30.1]
342,0.00025,64,0.99,0.95,[30.58]
343,0.00025,64,0.99,0.95,[28.3]
344,0.00025,64,0.99,0.95,[28.74]
345,0.00025,64,0.99,0.95,[30.62]
346,0.00025,64,0.99,0.95,[27.68]
347,0.00025,64,0.99,0.95,[28.64]
348,0.00025,64,0.99,0.95,[26.22]
349,0.00025,64,0.99,0.95,[28.12]
350,0.00025,64,0.99,0.95,[28.12]
351,0.00025,64,0.99,0.95,[30.08]
352,0.00025,64,0.99,0.95,[25.58]
353,0.00025,64,0.99,0.95,[30.28]
354,0.00025,64,0.99,0.95,[26.92]
355,0.00025,64,0.99,0.95,[27.64]
356,0.00025,64,0.99,0.95,[29.12]
357,0.00025,64,0.99,0.95,[31.44]
358,0.00025,64,0.99,0.95,[29.32]
359,0.00025,64,0.99,0.95,[29.32]
360,0.00025,64,0.99,0.95,[30.44]
361,0.00025,64,0.99,0.95,[30.9]
362,0.00025,64,0.99,0.95,[33.06]
363,0.00025,64,0.99,0.95,[36.58]
364,0.00025,64,0.99,0.95,[29.34]
365,0.00025,64,0.99,0.95,[30.5]
366,0.00025,64,0.99,0.95,[25.34]
367,0.00025,64,0.99,0.95,[27.]
368,0.00025,64,0.99,0.95,[30.68]
369,0.00025,64,0.99,0.95,[29.46]
370,0.00025,64,0.99,0.95,[29.6]
371,0.00025,64,0.99,0.95,[27.42]
372,0.00025,64,0.99,0.95,[28.48]
373,0.00025,64,0.99,0.95,[26.36]
374,0.00025,64,0.99,0.95,[26.36]
375,0.00025,64,0.99,0.95,[30.08]
376,0.00025,64,0.99,0.95,[25.94]
377,0.00025,64,0.99,0.95,[28.78]
378,0.00025,64,0.99,0.95,[24.06]
379,0.00025,64,0.99,0.95,[31.32]
380,0.00025,64,0.99,0.95,[26.42]
381,0.00025,64,0.99,0.95,[37.24]
382,0.00025,64,0.99,0.95,[29.56]
383,0.00025,64,0.99,0.95,[26.88]
384,0.00025,64,0.99,0.95,[36.22]
385,0.00025,64,0.99,0.95,[31.32]
386,0.00025,64,0.99,0.95,[25.74]
387,0.00025,64,0.99,0.95,[31.62]
388,0.00025,64,0.99,0.95,[26.44]
389,0.00025,64,0.99,0.95,[34.12]
390,0.00025,64,0.99,0.95,[25.28]
391,0.00025,64,0.99,0.95,[36.46]
392,0.00025,64,0.99,0.95,[22.78]
393,0.00025,64,0.99,0.95,[29.16]
394,0.00025,64,0.99,0.95,[31.08]
395,0.00025,64,0.99,0.95,[34.14]
396,0.00025,64,0.99,0.95,[23.4]
397,0.00025,64,0.99,0.95,[24.]
398,0.00025,64,0.99,0.95,[28.98]
399,0.00025,64,0.99,0.95,[26.92]
400,0.00025,64,0.99,0.95,[29.62]
401,0.00025,64,0.99,0.95,[30.8]
402,0.00025,64,0.99,0.95,[29.46]
403,0.00025,64,0.99,0.95,[30.96]
404,0.00025,64,0.99,0.95,[32.86]
405,0.00025,64,0.99,0.95,[29.72]
406,0.00025,64,0.99,0.95,[27.06]
407,0.00025,64,0.99,0.95,[26.48]
408,0.00025,64,0.99,0.95,[25.32]
409,0.00025,64,0.99,0.95,[30.14]
410,0.00025,64,0.99,0.95,[25.46]
411,0.00025,64,0.99,0.95,[30.74]
412,0.00025,64,0.99,0.95,[25.58]
413,0.00025,64,0.99,0.95,[33.68]
414,0.00025,64,0.99,0.95,[33.78]
415,0.00025,64,0.99,0.95,[30.84]
416,0.00025,64,0.99,0.95,[34.8]
417,0.00025,64,0.99,0.95,[28.7]
418,0.00025,64,0.99,0.95,[35.18]
419,0.00025,64,0.99,0.95,[29.5]
420,0.00025,64,0.99,0.95,[30.24]
421,0.00025,64,0.99,0.95,[28.22]
422,0.00025,64,0.99,0.95,[30.26]
423,0.00025,64,0.99,0.95,[31.92]
424,0.00025,64,0.99,0.95,[28.4]
425,0.00025,64,0.99,0.95,[26.78]
426,0.00025,64,0.99,0.95,[27.94]
427,0.00025,64,0.99,0.95,[29.38]
428,0.00025,64,0.99,0.95,[28.44]
429,0.00025,64,0.99,0.95,[32.8]
430,0.00025,64,0.99,0.95,[34.98]
431,0.00025,64,0.99,0.95,[25.1]
432,0.00025,64,0.99,0.95,[28.7]
433,0.00025,64,0.99,0.95,[29.02]
434,0.00025,64,0.99,0.95,[27.46]
435,0.00025,64,0.99,0.95,[33.72]
436,0.00025,64,0.99,0.95,[28.98]
437,0.00025,64,0.99,0.95,[29.78]
438,0.00025,64,0.99,0.95,[29.68]
439,0.00025,64,0.99,0.95,[34.66]
440,0.00025,64,0.99,0.95,[29.86]
441,0.00025,64,0.99,0.95,[34.04]
442,0.00025,64,0.99,0.95,[29.78]
443,0.00025,64,0.99,0.95,[27.74]
444,0.00025,64,0.99,0.95,[28.38]
445,0.00025,64,0.99,0.95,[26.54]
446,0.00025,64,0.99,0.95,[25.22]
447,0.00025,64,0.99,0.95,[29.56]
448,0.00025,64,0.99,0.95,[30.46]
449,0.00025,64,0.99,0.95,[29.7]
450,0.00025,64,0.99,0.95,[26.74]
451,0.00025,64,0.99,0.95,[25.74]
452,0.00025,64,0.99,0.95,[33.16]
453,0.00025,64,0.99,0.95,[25.66]
454,0.00025,64,0.99,0.95,[24.18]
455,0.00025,64,0.99,0.95,[25.68]
456,0.00025,64,0.99,0.95,[29.42]
457,0.00025,64,0.99,0.95,[29.16]
458,0.00025,64,0.99,0.95,[28.32]
459,0.00025,64,0.99,0.95,[28.5]
460,0.00025,64,0.99,0.95,[31.88]
461,0.00025,64,0.99,0.95,[28.86]
462,0.00025,64,0.99,0.95,[27.6]
463,0.00025,64,0.99,0.95,[25.4]
464,0.00025,64,0.99,0.95,[28.24]
465,0.00025,64,0.99,0.95,[29.5]
466,0.00025,64,0.99,0.95,[27.66]
467,0.00025,64,0.99,0.95,[31.44]
468,0.00025,64,0.99,0.95,[29.98]
469,0.00025,64,0.99,0.95,[29.58]
470,0.00025,64,0.99,0.95,[26.74]
471,0.00025,64,0.99,0.95,[26.82]
472,0.00025,64,0.99,0.95,[24.48]
473,0.00025,64,0.99,0.95,[33.42]
474,0.00025,64,0.99,0.95,[27.64]
475,0.00025,64,0.99,0.95,[34.2]
476,0.00025,64,0.99,0.95,[27.36]
477,0.00025,64,0.99,0.95,[26.9]
478,0.00025,64,0.99,0.95,[27.64]
479,0.00025,64,0.99,0.95,[31.82]
480,0.00025,64,0.99,0.95,[29.38]
481,0.00025,64,0.99,0.95,[29.2]
482,0.00025,64,0.99,0.95,[24.38]
483,0.00025,64,0.99,0.95,[30.42]
484,0.00025,64,0.99,0.95,[30.18]
485,0.00025,64,0.99,0.95,[24.1]
486,0.00025,64,0.99,0.95,[29.4]
487,0.00025,64,0.99,0.95,[30.64]
488,0.00025,64,0.99,0.95,[28.26]
489,0.00025,64,0.99,0.95,[27.6]
490,0.00025,64,0.99,0.95,[25.54]
491,0.00025,64,0.99,0.95,[32.58]
492,0.00025,64,0.99,0.95,[29.2]
493,0.00025,64,0.99,0.95,[26.22]
494,0.00025,64,0.99,0.95,[31.02]
495,0.00025,64,0.99,0.95,[30.36]
496,0.00025,64,0.99,0.95,[25.52]
497,0.00025,64,0.99,0.95,[30.98]
498,0.00025,64,0.99,0.95,[25.88]
499,0.00025,64,0.99,0.95,[29.9]
500,0.00025,64,0.99,0.95,[29.22]
501,0.00025,64,0.99,0.95,[28.62]
502,0.00025,64,0.99,0.95,[28.62]
503,0.00025,64,0.99,0.95,[24.54]
504,0.00025,64,0.99,0.95,[33.56]
505,0.00025,64,0.99,0.95,[28.8]
506,0.00025,64,0.99,0.95,[27.68]
507,0.00025,64,0.99,0.95,[29.46]
508,0.00025,64,0.99,0.95,[28.64]
509,0.00025,64,0.99,0.95,[26.58]
510,0.00025,64,0.99,0.95,[26.56]
511,0.00025,64,0.99,0.95,[28.52]
512,0.00025,64,0.99,0.95,[25.24]
513,0.00025,64,0.99,0.95,[24.74]
514,0.00025,64,0.99,0.95,[30.34]
515,0.00025,64,0.99,0.95,[31.32]
516,0.00025,64,0.99,0.95,[32.78]
517,0.00025,64,0.99,0.95,[29.06]
518,0.00025,64,0.99,0.95,[27.74]
519,0.00025,64,0.99,0.95,[30.44]
520,0.00025,64,0.99,0.95,[29.56]
521,0.00025,64,0.99,0.95,[28.66]
522,0.00025,64,0.99,0.95,[31.08]
523,0.00025,64,0.99,0.95,[28.74]
524,0.00025,64,0.99,0.95,[31.16]
525,0.00025,64,0.99,0.95,[27.28]
526,0.00025,64,0.99,0.95,[25.78]
527,0.00025,64,0.99,0.95,[29.22]
528,0.00025,64,0.99,0.95,[24.08]
529,0.00025,64,0.99,0.95,[29.08]
530,0.00025,64,0.99,0.95,[25.42]
531,0.00025,64,0.99,0.95,[27.02]
532,0.00025,64,0.99,0.95,[29.56]
533,0.00025,64,0.99,0.95,[23.82]
534,0.00025,64,0.99,0.95,[23.64]
535,0.00025,64,0.99,0.95,[26.62]
536,0.00025,64,0.99,0.95,[25.52]
537,0.00025,64,0.99,0.95,[29.76]
538,0.00025,64,0.99,0.95,[27.96]
539,0.00025,64,0.99,0.95,[31.98]
540,0.00025,64,0.99,0.95,[26.88]
541,0.00025,64,0.99,0.95,[24.94]
542,0.00025,64,0.99,0.95,[29.22]
543,0.00025,64,0.99,0.95,[25.34]
544,0.00025,64,0.99,0.95,[29.74]
545,0.00025,64,0.99,0.95,[25.]
546,0.00025,64,0.99,0.95,[34.46]
547,0.00025,64,0.99,0.95,[27.32]
548,0.00025,64,0.99,0.95,[26.14]
549,0.00025,64,0.99,0.95,[27.8]
550,0.00025,64,0.99,0.95,[28.34]
551,0.00025,64,0.99,0.95,[31.66]
552,0.00025,64,0.99,0.95,[30.24]
553,0.00025,64,0.99,0.95,[27.74]
554,0.00025,64,0.99,0.95,[24.1]
555,0.00025,64,0.99,0.95,[27.74]
556,0.00025,64,0.99,0.95,[32.62]
557,0.00025,64,0.99,0.95,[25.84]
558,0.00025,64,0.99,0.95,[29.72]
559,0.00025,64,0.99,0.95,[28.4]
560,0.00025,64,0.99,0.95,[28.16]
561,0.00025,64,0.99,0.95,[26.9]
562,0.00025,64,0.99,0.95,[28.56]
563,0.00025,64,0.99,0.95,[28.34]
564,0.00025,64,0.99,0.95,[29.]
565,0.00025,64,0.99,0.95,[27.1]
566,0.00025,64,0.99,0.95,[26.6]
567,0.00025,64,0.99,0.95,[32.6]
568,0.00025,64,0.99,0.95,[34.42]
569,0.00025,64,0.99,0.95,[27.8]
570,0.00025,64,0.99,0.95,[30.34]
571,0.00025,64,0.99,0.95,[28.3]
572,0.00025,64,0.99,0.95,[28.22]
573,0.00025,64,0.99,0.95,[30.54]
574,0.00025,64,0.99,0.95,[28.72]
575,0.00025,64,0.99,0.95,[25.02]
576,0.00025,64,0.99,0.95,[31.24]
577,0.00025,64,0.99,0.95,[31.86]
578,0.00025,64,0.99,0.95,[25.74]
579,0.00025,64,0.99,0.95,[26.1]
580,0.00025,64,0.99,0.95,[26.86]
581,0.00025,64,0.99,0.95,[28.02]
582,0.00025,64,0.99,0.95,[28.02]
583,0.00025,64,0.99,0.95,[26.44]
584,0.00025,64,0.99,0.95,[30.18]
585,0.00025,64,0.99,0.95,[34.]
586,0.00025,64,0.99,0.95,[28.76]
587,0.00025,64,0.99,0.95,[26.96]
588,0.00025,64,0.99,0.95,[29.34]
589,0.00025,64,0.99,0.95,[33.92]
590,0.00025,64,0.99,0.95,[30.42]
591,0.00025,64,0.99,0.95,[32.7]
592,0.00025,64,0.99,0.95,[28.8]
593,0.00025,64,0.99,0.95,[27.5]
594,0.00025,64,0.99,0.95,[29.28]
595,0.00025,64,0.99,0.95,[23.14]
596,0.00025,64,0.99,0.95,[31.68]
597,0.00025,64,0.99,0.95,[28.16]
598,0.00025,64,0.99,0.95,[25.88]
599,0.00025,64,0.99,0.95,[27.38]
600,0.00025,64,0.99,0.95,[28.8]
601,0.00025,64,0.99,0.95,[27.94]
602,0.00025,64,0.99,0.95,[28.34]
603,0.00025,64,0.99,0.95,[30.14]
604,0.00025,64,0.99,0.95,[27.62]
605,0.00025,64,0.99,0.95,[26.2]
606,0.00025,64,0.99,0.95,[32.54]
607,0.00025,64,0.99,0.95,[26.96]
608,0.00025,64,0.99,0.95,[28.82]
609,0.00025,64,0.99,0.95,[30.26]
610,0.00025,64,0.99,0.95,[34.24]
611,0.00025,64,0.99,0.95,[25.84]
612,0.00025,64,0.99,0.95,[29.94]
613,0.00025,64,0.99,0.95,[27.]
614,0.00025,64,0.99,0.95,[32.96]
615,0.00025,64,0.99,0.95,[28.5]
616,0.00025,64,0.99,0.95,[30.22]
617,0.00025,64,0.99,0.95,[23.8]
618,0.00025,64,0.99,0.95,[30.06]
619,0.00025,64,0.99,0.95,[26.4]
620,0.00025,64,0.99,0.95,[26.82]
621,0.00025,64,0.99,0.95,[27.82]
622,0.00025,64,0.99,0.95,[31.9]
623,0.00025,64,0.99,0.95,[30.18]
624,0.00025,64,0.99,0.95,[29.76]
625,0.00025,64,0.99,0.95,[24.34]
626,0.00025,64,0.99,0.95,[34.02]
627,0.00025,64,0.99,0.95,[34.94]
628,0.00025,64,0.99,0.95,[27.38]
629,0.00025,64,0.99,0.95,[34.54]
630,0.00025,64,0.99,0.95,[29.2]
631,0.00025,64,0.99,0.95,[26.96]
632,0.00025,64,0.99,0.95,[33.94]
633,0.00025,64,0.99,0.95,[25.78]
634,0.00025,64,0.99,0.95,[27.92]
635,0.00025,64,0.99,0.95,[28.74]
636,0.00025,64,0.99,0.95,[31.74]
637,0.00025,64,0.99,0.95,[28.24]
638,0.00025,64,0.99,0.95,[27.48]
639,0.00025,64,0.99,0.95,[27.74]
640,0.00025,64,0.99,0.95,[25.28]
641,0.00025,64,0.99,0.95,[23.8]
642,0.00025,64,0.99,0.95,[27.52]
643,0.00025,64,0.99,0.95,[28.96]
644,0.00025,64,0.99,0.95,[28.62]
645,0.00025,64,0.99,0.95,[30.54]
646,0.00025,64,0.99,0.95,[22.4]
647,0.00025,64,0.99,0.95,[28.62]
648,0.00025,64,0.99,0.95,[28.56]
649,0.00025,64,0.99,0.95,[28.04]
650,0.00025,64,0.99,0.95,[34.8]
651,0.00025,64,0.99,0.95,[29.74]
652,0.00025,64,0.99,0.95,[30.46]
653,0.00025,64,0.99,0.95,[27.68]
654,0.00025,64,0.99,0.95,[30.32]
655,0.00025,64,0.99,0.95,[26.08]
656,0.00025,64,0.99,0.95,[37.44]
657,0.00025,64,0.99,0.95,[25.6]
658,0.00025,64,0.99,0.95,[27.]
659,0.00025,64,0.99,0.95,[26.]
660,0.00025,64,0.99,0.95,[29.48]
661,0.00025,64,0.99,0.95,[30.26]
662,0.00025,64,0.99,0.95,[30.08]
663,0.00025,64,0.99,0.95,[29.96]
664,0.00025,64,0.99,0.95,[33.2]
665,0.00025,64,0.99,0.95,[28.82]
666,0.00025,64,0.99,0.95,[26.78]
667,0.00025,64,0.99,0.95,[27.36]
668,0.00025,64,0.99,0.95,[29.74]
669,0.00025,64,0.99,0.95,[24.98]
670,0.00025,64,0.99,0.95,[25.5]
671,0.00025,64,0.99,0.95,[27.4]
672,0.00025,64,0.99,0.95,[31.74]
673,0.00025,64,0.99,0.95,[23.7]
674,0.00025,64,0.99,0.95,[29.62]
675,0.00025,64,0.99,0.95,[27.72]
676,0.00025,64,0.99,0.95,[33.18]
677,0.00025,64,0.99,0.95,[28.66]
678,0.00025,64,0.99,0.95,[30.18]
679,0.00025,64,0.99,0.95,[31.8]
680,0.00025,64,0.99,0.95,[30.6]
681,0.00025,64,0.99,0.95,[29.26]
682,0.00025,64,0.99,0.95,[29.24]
683,0.00025,64,0.99,0.95,[29.06]
684,0.00025,64,0.99,0.95,[30.5]
685,0.00025,64,0.99,0.95,[32.8]
686,0.00025,64,0.99,0.95,[28.38]
687,0.00025,64,0.99,0.95,[28.14]
688,0.00025,64,0.99,0.95,[27.22]
689,0.00025,64,0.99,0.95,[25.52]
690,0.00025,64,0.99,0.95,[23.38]
691,0.00025,64,0.99,0.95,[24.08]
692,0.00025,64,0.99,0.95,[31.74]
693,0.00025,64,0.99,0.95,[29.96]
694,0.00025,64,0.99,0.95,[33.98]
695,0.00025,64,0.99,0.95,[27.98]
696,0.00025,64,0.99,0.95,[27.38]
697,0.00025,64,0.99,0.95,[32.86]
698,0.00025,64,0.99,0.95,[22.9]
699,0.00025,64,0.99,0.95,[27.54]
700,0.00025,64,0.99,0.95,[29.]
701,0.00025,64,0.99,0.95,[27.42]
702,0.00025,64,0.99,0.95,[31.16]
703,0.00025,64,0.99,0.95,[27.98]
704,0.00025,64,0.99,0.95,[29.58]
705,0.00025,64,0.99,0.95,[27.94]
706,0.00025,64,0.99,0.95,[25.06]
707,0.00025,64,0.99,0.95,[31.28]
708,0.00025,64,0.99,0.95,[23.02]
709,0.00025,64,0.99,0.95,[26.12]
710,0.00025,64,0.99,0.95,[31.98]
711,0.00025,64,0.99,0.95,[30.3]
712,0.00025,64,0.99,0.95,[29.24]
713,0.00025,64,0.99,0.95,[30.92]
714,0.00025,64,0.99,0.95,[29.72]
715,0.00025,64,0.99,0.95,[31.18]
716,0.00025,64,0.99,0.95,[31.84]
717,0.00025,64,0.99,0.95,[28.16]
718,0.00025,64,0.99,0.95,[24.42]
719,0.00025,64,0.99,0.95,[28.58]
720,0.00025,64,0.99,0.95,[25.06]
721,0.00025,64,0.99,0.95,[27.96]
722,0.00025,64,0.99,0.95,[27.62]
723,0.00025,64,0.99,0.95,[34.28]
724,0.00025,64,0.99,0.95,[25.82]
725,0.00025,64,0.99,0.95,[27.42]
726,0.00025,64,0.99,0.95,[26.52]
727,0.00025,64,0.99,0.95,[27.94]
728,0.00025,64,0.99,0.95,[31.72]
729,0.00025,64,0.99,0.95,[32.8]
730,0.00025,64,0.99,0.95,[31.72]
731,0.00025,64,0.99,0.95,[31.64]
732,0.00025,64,0.99,0.95,[34.36]
733,0.00025,64,0.99,0.95,[25.22]
734,0.00025,64,0.99,0.95,[30.94]
735,0.00025,64,0.99,0.95,[27.68]
736,0.00025,64,0.99,0.95,[29.5]
737,0.00025,64,0.99,0.95,[25.74]
738,0.00025,64,0.99,0.95,[26.7]
739,0.00025,64,0.99,0.95,[28.42]
740,0.00025,64,0.99,0.95,[26.58]
741,0.00025,64,0.99,0.95,[27.84]
742,0.00025,64,0.99,0.95,[32.8]
743,0.00025,64,0.99,0.95,[31.14]
744,0.00025,64,0.99,0.95,[30.74]
745,0.00025,64,0.99,0.95,[31.54]
746,0.00025,64,0.99,0.95,[30.72]
747,0.00025,64,0.99,0.95,[26.56]
748,0.00025,64,0.99,0.95,[31.78]
749,0.00025,64,0.99,0.95,[25.26]
750,0.00025,64,0.99,0.95,[24.38]
751,0.00025,64,0.99,0.95,[28.76]
752,0.00025,64,0.99,0.95,[29.8]
753,0.00025,64,0.99,0.95,[30.22]
754,0.00025,64,0.99,0.95,[25.66]
755,0.00025,64,0.99,0.95,[28.84]
756,0.00025,64,0.99,0.95,[28.02]
757,0.00025,64,0.99,0.95,[27.66]
758,0.00025,64,0.99,0.95,[29.84]
759,0.00025,64,0.99,0.95,[24.86]
760,0.00025,64,0.99,0.95,[30.18]
761,0.00025,64,0.99,0.95,[31.]
762,0.00025,64,0.99,0.95,[27.56]
763,0.00025,64,0.99,0.95,[30.72]
764,0.00025,64,0.99,0.95,[31.98]
765,0.00025,64,0.99,0.95,[29.06]
766,0.00025,64,0.99,0.95,[32.12]
767,0.00025,64,0.99,0.95,[34.06]
768,0.00025,64,0.99,0.95,[28.34]
769,0.00025,64,0.99,0.95,[25.26]
770,0.00025,64,0.99,0.95,[36.16]
771,0.00025,64,0.99,0.95,[30.88]
772,0.00025,64,0.99,0.95,[28.34]
773,0.00025,64,0.99,0.95,[27.38]
774,0.00025,64,0.99,0.95,[24.64]
775,0.00025,64,0.99,0.95,[27.04]
776,0.00025,64,0.99,0.95,[25.72]
777,0.00025,64,0.99,0.95,[32.02]
778,0.00025,64,0.99,0.95,[26.82]
779,0.00025,64,0.99,0.95,[27.28]
780,0.00025,64,0.99,0.95,[32.96]
781,0.00025,64,0.99,0.95,[31.34]
782,0.00025,64,0.99,0.95,[32.26]
783,0.00025,64,0.99,0.95,[27.96]
784,0.00025,64,0.99,0.95,[28.22]
785,0.00025,64,0.99,0.95,[32.]
786,0.00025,64,0.99,0.95,[29.4]
787,0.00025,64,0.99,0.95,[27.24]
788,0.00025,64,0.99,0.95,[28.34]
789,0.00025,64,0.99,0.95,[28.]
790,0.00025,64,0.99,0.95,[24.48]
791,0.00025,64,0.99,0.95,[31.88]
792,0.00025,64,0.99,0.95,[32.78]
793,0.00025,64,0.99,0.95,[31.9]
794,0.00025,64,0.99,0.95,[27.48]
795,0.00025,64,0.99,0.95,[30.8]
796,0.00025,64,0.99,0.95,[28.68]
797,0.00025,64,0.99,0.95,[26.18]
798,0.00025,64,0.99,0.95,[26.38]
799,0.00025,64,0.99,0.95,[27.14]
800,0.00025,64,0.99,0.95,[32.]
801,0.00025,64,0.99,0.95,[27.78]
802,0.00025,64,0.99,0.95,[30.16]
803,0.00025,64,0.99,0.95,[30.36]
804,0.00025,64,0.99,0.95,[30.5]
805,0.00025,64,0.99,0.95,[25.7]
806,0.00025,64,0.99,0.95,[32.88]
807,0.00025,64,0.99,0.95,[26.08]
808,0.00025,64,0.99,0.95,[31.36]
809,0.00025,64,0.99,0.95,[29.9]
810,0.00025,64,0.99,0.95,[29.74]
811,0.00025,64,0.99,0.95,[29.82]
812,0.00025,64,0.99,0.95,[25.68]
813,0.00025,64,0.99,0.95,[28.68]
814,0.00025,64,0.99,0.95,[22.5]
815,0.00025,64,0.99,0.95,[33.7]
816,0.00025,64,0.99,0.95,[31.68]
817,0.00025,64,0.99,0.95,[24.54]
818,0.00025,64,0.99,0.95,[29.36]
819,0.00025,64,0.99,0.95,[29.5]
820,0.00025,64,0.99,0.95,[30.22]
821,0.00025,64,0.99,0.95,[24.86]
822,0.00025,64,0.99,0.95,[30.86]
823,0.00025,64,0.99,0.95,[30.34]
824,0.00025,64,0.99,0.95,[26.48]
825,0.00025,64,0.99,0.95,[33.34]
826,0.00025,64,0.99,0.95,[27.08]
827,0.00025,64,0.99,0.95,[26.46]
828,0.00025,64,0.99,0.95,[32.62]
829,0.00025,64,0.99,0.95,[29.04]
830,0.00025,64,0.99,0.95,[34.02]
831,0.00025,64,0.99,0.95,[32.86]
832,0.00025,64,0.99,0.95,[31.14]
833,0.00025,64,0.99,0.95,[26.58]
834,0.00025,64,0.99,0.95,[29.04]
835,0.00025,64,0.99,0.95,[31.24]
836,0.00025,64,0.99,0.95,[23.4]
837,0.00025,64,0.99,0.95,[24.5]
838,0.00025,64,0.99,0.95,[25.64]
839,0.00025,64,0.99,0.95,[23.2]
840,0.00025,64,0.99,0.95,[28.68]
841,0.00025,64,0.99,0.95,[26.58]
842,0.00025,64,0.99,0.95,[31.6]
843,0.00025,64,0.99,0.95,[31.64]
844,0.00025,64,0.99,0.95,[26.24]
845,0.00025,64,0.99,0.95,[28.9]
846,0.00025,64,0.99,0.95,[35.7]
847,0.00025,64,0.99,0.95,[25.54]
848,0.00025,64,0.99,0.95,[29.1]
849,0.00025,64,0.99,0.95,[25.92]
850,0.00025,64,0.99,0.95,[28.54]
851,0.00025,64,0.99,0.95,[27.7]
852,0.00025,64,0.99,0.95,[35.54]
853,0.00025,64,0.99,0.95,[30.12]
854,0.00025,64,0.99,0.95,[27.94]
855,0.00025,64,0.99,0.95,[30.16]
856,0.00025,64,0.99,0.95,[25.64]
857,0.00025,64,0.99,0.95,[28.02]
858,0.00025,64,0.99,0.95,[29.7]
859,0.00025,64,0.99,0.95,[26.22]
860,0.00025,64,0.99,0.95,[28.9]
861,0.00025,64,0.99,0.95,[25.3]
862,0.00025,64,0.99,0.95,[26.86]
863,0.00025,64,0.99,0.95,[26.4]
864,0.00025,64,0.99,0.95,[32.48]
865,0.00025,64,0.99,0.95,[23.68]
866,0.00025,64,0.99,0.95,[30.32]
867,0.00025,64,0.99,0.95,[29.88]
868,0.00025,64,0.99,0.95,[27.74]
869,0.00025,64,0.99,0.95,[24.06]
870,0.00025,64,0.99,0.95,[30.2]
871,0.00025,64,0.99,0.95,[29.48]
872,0.00025,64,0.99,0.95,[24.08]
873,0.00025,64,0.99,0.95,[25.96]
874,0.00025,64,0.99,0.95,[29.26]
875,0.00025,64,0.99,0.95,[28.36]
876,0.00025,64,0.99,0.95,[28.7]
877,0.00025,64,0.99,0.95,[29.4]
878,0.00025,64,0.99,0.95,[27.02]
879,0.00025,64,0.99,0.95,[26.18]
880,0.00025,64,0.99,0.95,[25.68]
881,0.00025,64,0.99,0.95,[30.]
882,0.00025,64,0.99,0.95,[29.42]
883,0.00025,64,0.99,0.95,[30.56]
884,0.00025,64,0.99,0.95,[24.82]
885,0.00025,64,0.99,0.95,[24.98]
886,0.00025,64,0.99,0.95,[31.36]
887,0.00025,64,0.99,0.95,[27.98]
888,0.00025,64,0.99,0.95,[30.]
889,0.00025,64,0.99,0.95,[28.46]
890,0.00025,64,0.99,0.95,[30.72]
891,0.00025,64,0.99,0.95,[29.66]
892,0.00025,64,0.99,0.95,[28.84]
893,0.00025,64,0.99,0.95,[36.02]
894,0.00025,64,0.99,0.95,[24.74]
895,0.00025,64,0.99,0.95,[28.1]
896,0.00025,64,0.99,0.95,[24.62]
897,0.00025,64,0.99,0.95,[30.84]
898,0.00025,64,0.99,0.95,[28.38]
899,0.00025,64,0.99,0.95,[23.86]
900,0.00025,64,0.99,0.95,[29.18]
901,0.00025,64,0.99,0.95,[28.94]
902,0.00025,64,0.99,0.95,[25.74]
903,0.00025,64,0.99,0.95,[28.78]
904,0.00025,64,0.99,0.95,[30.14]
905,0.00025,64,0.99,0.95,[29.5]
906,0.00025,64,0.99,0.95,[33.82]
907,0.00025,64,0.99,0.95,[31.76]
908,0.00025,64,0.99,0.95,[22.46]
909,0.00025,64,0.99,0.95,[29.92]
910,0.00025,64,0.99,0.95,[24.68]
911,0.00025,64,0.99,0.95,[26.38]
912,0.00025,64,0.99,0.95,[25.4]
913,0.00025,64,0.99,0.95,[28.9]
914,0.00025,64,0.99,0.95,[25.52]
915,0.00025,64,0.99,0.95,[27.24]
916,0.00025,64,0.99,0.95,[27.88]
917,0.00025,64,0.99,0.95,[31.3]
918,0.00025,64,0.99,0.95,[28.76]
919,0.00025,64,0.99,0.95,[26.22]
920,0.00025,64,0.99,0.95,[30.64]
921,0.00025,64,0.99,0.95,[24.48]
922,0.00025,64,0.99,0.95,[29.2]
923,0.00025,64,0.99,0.95,[34.6]
924,0.00025,64,0.99,0.95,[34.48]
925,0.00025,64,0.99,0.95,[25.68]
926,0.00025,64,0.99,0.95,[24.48]
927,0.00025,64,0.99,0.95,[31.42]
928,0.00025,64,0.99,0.95,[27.42]
929,0.00025,64,0.99,0.95,[26.84]
930,0.00025,64,0.99,0.95,[25.18]
931,0.00025,64,0.99,0.95,[28.36]
932,0.00025,64,0.99,0.95,[31.12]
933,0.00025,64,0.99,0.95,[28.54]
934,0.00025,64,0.99,0.95,[33.24]
935,0.00025,64,0.99,0.95,[26.48]
936,0.00025,64,0.99,0.95,[29.88]
937,0.00025,64,0.99,0.95,[29.7]
938,0.00025,64,0.99,0.95,[30.3]
939,0.00025,64,0.99,0.95,[26.92]
940,0.00025,64,0.99,0.95,[27.4]
941,0.00025,64,0.99,0.95,[26.94]
942,0.00025,64,0.99,0.95,[31.38]
943,0.00025,64,0.99,0.95,[26.6]
944,0.00025,64,0.99,0.95,[35.78]
945,0.00025,64,0.99,0.95,[29.06]
946,0.00025,64,0.99,0.95,[30.66]
947,0.00025,64,0.99,0.95,[28.72]
948,0.00025,64,0.99,0.95,[27.54]
949,0.00025,64,0.99,0.95,[28.22]
950,0.00025,64,0.99,0.95,[25.42]
951,0.00025,64,0.99,0.95,[32.28]
952,0.00025,64,0.99,0.95,[25.9]
953,0.00025,64,0.99,0.95,[28.]
954,0.00025,64,0.99,0.95,[26.74]
955,0.00025,64,0.99,0.95,[27.92]
956,0.00025,64,0.99,0.95,[30.14]
957,0.00025,64,0.99,0.95,[27.82]
958,0.00025,64,0.99,0.95,[29.3]
959,0.00025,64,0.99,0.95,[24.18]
960,0.00025,64,0.99,0.95,[28.2]
961,0.00025,64,0.99,0.95,[27.22]
962,0.00025,64,0.99,0.95,[34.8]
963,0.00025,64,0.99,0.95,[35.36]
964,0.00025,64,0.99,0.95,[28.7]
965,0.00025,64,0.99,0.95,[31.2]
966,0.00025,64,0.99,0.95,[35.92]
967,0.00025,64,0.99,0.95,[29.88]
968,0.00025,64,0.99,0.95,[29.94]
969,0.00025,64,0.99,0.95,[26.92]
970,0.00025,64,0.99,0.95,[27.7]
971,0.00025,64,0.99,0.95,[29.66]
972,0.00025,64,0.99,0.95,[26.8]
973,0.00025,64,0.99,0.95,[27.74]
974,0.00025,64,0.99,0.95,[33.2]
975,0.00025,64,0.99,0.95,[30.02]
976,0.00025,64,0.99,0.95,[27.5]
977,0.00025,64,0.99,0.95,[27.46]
978,0.00025,64,0.99,0.95,[24.66]
979,0.00025,64,0.99,0.95,[28.22]
980,0.00025,64,0.99,0.95,[32.32]
981,0.00025,64,0.99,0.95,[24.92]
982,0.00025,64,0.99,0.95,[29.5]
983,0.00025,64,0.99,0.95,[28.74]
984,0.00025,64,0.99,0.95,[31.74]
985,0.00025,64,0.99,0.95,[25.78]
986,0.00025,64,0.99,0.95,[28.1]
987,0.00025,64,0.99,0.95,[28.82]
988,0.00025,64,0.99,0.95,[32.12]
989,0.00025,64,0.99,0.95,[26.82]
990,0.00025,64,0.99,0.95,[34.8]
991,0.00025,64,0.99,0.95,[33.28]
992,0.00025,64,0.99,0.95,[32.46]
993,0.00025,64,0.99,0.95,[27.02]
994,0.00025,64,0.99,0.95,[35.56]
995,0.00025,64,0.99,0.95,[30.26]
996,0.00025,64,0.99,0.95,[26.24]
997,0.00025,64,0.99,0.95,[27.4]
998,0.00025,64,0.99,0.95,[27.04]
999,0.00025,64,0.99,0.95,[26.72]
1000,0.00025,64,0.99,0.95,[24.9]
1001,0.00025,64,0.99,0.95,[29.94]
1002,0.00025,64,0.99,0.95,[31.22]
1003,0.00025,64,0.99,0.95,[25.54]
1004,0.00025,64,0.99,0.95,[28.7]
1005,0.00025,64,0.99,0.95,[30.92]
1006,0.00025,64,0.99,0.95,[37.6]
1007,0.00025,64,0.99,0.95,[27.22]
1008,0.00025,64,0.99,0.95,[28.8]
1009,0.00025,64,0.99,0.95,[28.]
1010,0.00025,64,0.99,0.95,[28.18]
1011,0.00025,64,0.99,0.95,[27.6]
1012,0.00025,64,0.99,0.95,[29.58]
1013,0.00025,64,0.99,0.95,[31.16]
1014,0.00025,64,0.99,0.95,[31.16]
1015,0.00025,64,0.99,0.95,[31.56]
1016,0.00025,64,0.99,0.95,[26.5]
1017,0.00025,64,0.99,0.95,[26.94]
1018,0.00025,64,0.99,0.95,[29.3]
1019,0.00025,64,0.99,0.95,[32.72]
1020,0.00025,64,0.99,0.95,[24.66]
1021,0.00025,64,0.99,0.95,[37.64]
1022,0.00025,64,0.99,0.95,[28.4]
1023,0.00025,64,0.99,0.95,[25.3]
1024,0.00025,64,0.99,0.95,[25.28]
1025,0.00025,64,0.99,0.95,[30.32]
1026,0.00025,64,0.99,0.95,[28.6]
1027,0.00025,64,0.99,0.95,[28.26]
1028,0.00025,64,0.99,0.95,[27.08]
1029,0.00025,64,0.99,0.95,[32.98]
1030,0.00025,64,0.99,0.95,[26.94]
1031,0.00025,64,0.99,0.95,[27.48]
1032,0.00025,64,0.99,0.95,[24.56]
1033,0.00025,64,0.99,0.95,[26.02]
1034,0.00025,64,0.99,0.95,[34.8]
1035,0.00025,64,0.99,0.95,[30.76]
1036,0.00025,64,0.99,0.95,[25.8]
1037,0.00025,64,0.99,0.95,[25.7]
1038,0.00025,64,0.99,0.95,[27.3]
1039,0.00025,64,0.99,0.95,[26.96]
1040,0.00025,64,0.99,0.95,[33.6]
1041,0.00025,64,0.99,0.95,[25.76]
1042,0.00025,64,0.99,0.95,[28.82]
1043,0.00025,64,0.99,0.95,[29.48]
1044,0.00025,64,0.99,0.95,[33.58]
1045,0.00025,64,0.99,0.95,[32.06]
1046,0.00025,64,0.99,0.95,[24.6]
1047,0.00025,64,0.99,0.95,[33.66]
1048,0.00025,64,0.99,0.95,[29.2]
1049,0.00025,64,0.99,0.95,[28.92]
1050,0.00025,64,0.99,0.95,[27.8]
1051,0.00025,64,0.99,0.95,[32.32]
1052,0.00025,64,0.99,0.95,[32.22]
1053,0.00025,64,0.99,0.95,[30.52]
1054,0.00025,64,0.99,0.95,[24.74]
1055,0.00025,64,0.99,0.95,[32.82]
1056,0.00025,64,0.99,0.95,[27.48]
1057,0.00025,64,0.99,0.95,[31.96]
1058,0.00025,64,0.99,0.95,[28.44]
1059,0.00025,64,0.99,0.95,[30.88]
1060,0.00025,64,0.99,0.95,[32.22]
1061,0.00025,64,0.99,0.95,[31.58]
1062,0.00025,64,0.99,0.95,[29.26]
1063,0.00025,64,0.99,0.95,[29.44]
1064,0.00025,64,0.99,0.95,[34.94]
1065,0.00025,64,0.99,0.95,[25.82]
1066,0.00025,64,0.99,0.95,[26.56]
1067,0.00025,64,0.99,0.95,[32.86]
1068,0.00025,64,0.99,0.95,[31.12]
1069,0.00025,64,0.99,0.95,[32.96]
1070,0.00025,64,0.99,0.95,[31.58]
1071,0.00025,64,0.99,0.95,[31.34]
1072,0.00025,64,0.99,0.95,[30.92]
1073,0.00025,64,0.99,0.95,[39.06]
1074,0.00025,64,0.99,0.95,[24.98]
1075,0.00025,64,0.99,0.95,[30.04]
1076,0.00025,64,0.99,0.95,[31.5]
1077,0.00025,64,0.99,0.95,[29.4]
1078,0.00025,64,0.99,0.95,[34.3]
1079,0.00025,64,0.99,0.95,[28.26]
1080,0.00025,64,0.99,0.95,[30.44]
1081,0.00025,64,0.99,0.95,[29.46]
1082,0.00025,64,0.99,0.95,[29.7]
1083,0.00025,64,0.99,0.95,[34.7]
1084,0.00025,64,0.99,0.95,[27.98]
1085,0.00025,64,0.99,0.95,[25.46]
1086,0.00025,64,0.99,0.95,[34.36]
1087,0.00025,64,0.99,0.95,[29.98]
1088,0.00025,64,0.99,0.95,[30.76]
1089,0.00025,64,0.99,0.95,[29.52]
1090,0.00025,64,0.99,0.95,[25.18]
1091,0.00025,64,0.99,0.95,[27.06]
1092,0.00025,64,0.99,0.95,[27.24]
1093,0.00025,64,0.99,0.95,[31.]
1094,0.00025,64,0.99,0.95,[30.76]
1095,0.00025,64,0.99,0.95,[25.52]
1096,0.00025,64,0.99,0.95,[33.18]
1097,0.00025,64,0.99,0.95,[24.76]
1098,0.00025,64,0.99,0.95,[24.16]
1099,0.00025,64,0.99,0.95,[27.64]
1100,0.00025,64,0.99,0.95,[24.56]
1101,0.00025,64,0.99,0.95,[28.28]
1102,0.00025,64,0.99,0.95,[27.02]
1103,0.00025,64,0.99,0.95,[28.58]
1104,0.00025,64,0.99,0.95,[27.32]
1105,0.00025,64,0.99,0.95,[25.76]
1106,0.00025,64,0.99,0.95,[26.46]
1107,0.00025,64,0.99,0.95,[28.2]
1108,0.00025,64,0.99,0.95,[31.04]
1109,0.00025,64,0.99,0.95,[27.1]
1110,0.00025,64,0.99,0.95,[28.88]
1111,0.00025,64,0.99,0.95,[28.84]
1112,0.00025,64,0.99,0.95,[26.12]
1113,0.00025,64,0.99,0.95,[28.08]
1114,0.00025,64,0.99,0.95,[30.98]
1115,0.00025,64,0.99,0.95,[30.68]
1116,0.00025,64,0.99,0.95,[25.44]
1117,0.00025,64,0.99,0.95,[27.84]
1118,0.00025,64,0.99,0.95,[29.52]
1119,0.00025,64,0.99,0.95,[29.56]
1120,0.00025,64,0.99,0.95,[26.12]
1121,0.00025,64,0.99,0.95,[29.96]
1122,0.00025,64,0.99,0.95,[23.82]
1123,0.00025,64,0.99,0.95,[30.92]
1124,0.00025,64,0.99,0.95,[23.4]
1125,0.00025,64,0.99,0.95,[32.62]
1126,0.00025,64,0.99,0.95,[28.6]
1127,0.00025,64,0.99,0.95,[34.06]
1128,0.00025,64,0.99,0.95,[31.3]
1129,0.00025,64,0.99,0.95,[23.62]
1130,0.00025,64,0.99,0.95,[29.52]
1131,0.00025,64,0.99,0.95,[28.76]
1132,0.00025,64,0.99,0.95,[35.02]
1133,0.00025,64,0.99,0.95,[26.38]
1134,0.00025,64,0.99,0.95,[26.48]
1135,0.00025,64,0.99,0.95,[28.72]
1136,0.00025,64,0.99,0.95,[23.98]
1137,0.00025,64,0.99,0.95,[23.7]
1138,0.00025,64,0.99,0.95,[28.28]
1139,0.00025,64,0.99,0.95,[24.6]
1140,0.00025,64,0.99,0.95,[25.88]
1141,0.00025,64,0.99,0.95,[29.3]
1142,0.00025,64,0.99,0.95,[28.]
1143,0.00025,64,0.99,0.95,[27.34]
1144,0.00025,64,0.99,0.95,[32.42]
1145,0.00025,64,0.99,0.95,[33.9]
1146,0.00025,64,0.99,0.95,[27.06]
1147,0.00025,64,0.99,0.95,[25.52]
1148,0.00025,64,0.99,0.95,[27.52]
1149,0.00025,64,0.99,0.95,[35.5]
1150,0.00025,64,0.99,0.95,[34.06]
1151,0.00025,64,0.99,0.95,[30.12]
1152,0.00025,64,0.99,0.95,[27.08]
1153,0.00025,64,0.99,0.95,[29.04]
1154,0.00025,64,0.99,0.95,[32.86]
1155,0.00025,64,0.99,0.95,[31.92]
1156,0.00025,64,0.99,0.95,[28.64]
1157,0.00025,64,0.99,0.95,[30.24]
1158,0.00025,64,0.99,0.95,[28.26]
1159,0.00025,64,0.99,0.95,[29.88]
1160,0.00025,64,0.99,0.95,[31.66]
1161,0.00025,64,0.99,0.95,[26.68]
1162,0.00025,64,0.99,0.95,[28.58]
1163,0.00025,64,0.99,0.95,[28.32]
1164,0.00025,64,0.99,0.95,[26.]
1165,0.00025,64,0.99,0.95,[35.82]
1166,0.00025,64,0.99,0.95,[29.48]
1167,0.00025,64,0.99,0.95,[32.52]
1168,0.00025,64,0.99,0.95,[28.64]
1169,0.00025,64,0.99,0.95,[28.5]
1170,0.00025,64,0.99,0.95,[26.94]
1171,0.00025,64,0.99,0.95,[27.12]
1172,0.00025,64,0.99,0.95,[22.38]
1173,0.00025,64,0.99,0.95,[33.62]
1174,0.00025,64,0.99,0.95,[31.26]
1175,0.00025,64,0.99,0.95,[26.1]
1176,0.00025,64,0.99,0.95,[26.92]
1177,0.00025,64,0.99,0.95,[30.92]
1178,0.00025,64,0.99,0.95,[29.12]
1179,0.00025,64,0.99,0.95,[29.1]
1180,0.00025,64,0.99,0.95,[30.26]
1181,0.00025,64,0.99,0.95,[33.9]
1182,0.00025,64,0.99,0.95,[30.44]
1183,0.00025,64,0.99,0.95,[32.14]
1184,0.00025,64,0.99,0.95,[29.76]
1185,0.00025,64,0.99,0.95,[28.02]
1186,0.00025,64,0.99,0.95,[27.96]
1187,0.00025,64,0.99,0.95,[30.66]
1188,0.00025,64,0.99,0.95,[32.94]
1189,0.00025,64,0.99,0.95,[25.54]
1190,0.00025,64,0.99,0.95,[31.56]
1191,0.00025,64,0.99,0.95,[25.48]
1192,0.00025,64,0.99,0.95,[27.3]
1193,0.00025,64,0.99,0.95,[27.02]
1194,0.00025,64,0.99,0.95,[34.56]
1195,0.00025,64,0.99,0.95,[26.66]
1196,0.00025,64,0.99,0.95,[28.84]
1197,0.00025,64,0.99,0.95,[31.94]
1198,0.00025,64,0.99,0.95,[35.3]
1199,0.00025,64,0.99,0.95,[29.26]
1200,0.00025,64,0.99,0.95,[24.48]
1201,0.00025,64,0.99,0.95,[26.4]
1202,0.00025,64,0.99,0.95,[28.92]
1203,0.00025,64,0.99,0.95,[34.3]
1204,0.00025,64,0.99,0.95,[30.22]
1205,0.00025,64,0.99,0.95,[28.08]
1206,0.00025,64,0.99,0.95,[28.9]
1207,0.00025,64,0.99,0.95,[25.92]
1208,0.00025,64,0.99,0.95,[31.72]
1209,0.00025,64,0.99,0.95,[24.62]
1210,0.00025,64,0.99,0.95,[28.32]
1211,0.00025,64,0.99,0.95,[32.1]
1212,0.00025,64,0.99,0.95,[29.18]
1213,0.00025,64,0.99,0.95,[36.38]
1214,0.00025,64,0.99,0.95,[24.58]
1215,0.00025,64,0.99,0.95,[28.42]
1216,0.00025,64,0.99,0.95,[23.26]
1217,0.00025,64,0.99,0.95,[30.44]
1218,0.00025,64,0.99,0.95,[30.38]
1219,0.00025,64,0.99,0.95,[27.74]
1220,0.00025,64,0.99,0.95,[28.08]
1221,0.00025,64,0.99,0.95,[29.48]
1222,0.00025,64,0.99,0.95,[29.28]
1223,0.00025,64,0.99,0.95,[27.68]
1224,0.00025,64,0.99,0.95,[29.04]
1225,0.00025,64,0.99,0.95,[32.66]
1226,0.00025,64,0.99,0.95,[24.02]
1227,0.00025,64,0.99,0.95,[28.78]
1228,0.00025,64,0.99,0.95,[28.6]
1229,0.00025,64,0.99,0.95,[27.54]
1230,0.00025,64,0.99,0.95,[24.94]
1231,0.00025,64,0.99,0.95,[35.4]
1232,0.00025,64,0.99,0.95,[26.24]
1233,0.00025,64,0.99,0.95,[27.14]
1234,0.00025,64,0.99,0.95,[28.5]
1235,0.00025,64,0.99,0.95,[31.2]
1236,0.00025,64,0.99,0.95,[26.52]
1237,0.00025,64,0.99,0.95,[26.16]
1238,0.00025,64,0.99,0.95,[23.32]
1239,0.00025,64,0.99,0.95,[37.84]
1240,0.00025,64,0.99,0.95,[27.4]
1241,0.00025,64,0.99,0.95,[34.36]
1242,0.00025,64,0.99,0.95,[29.98]
1243,0.00025,64,0.99,0.95,[31.04]
1244,0.00025,64,0.99,0.95,[26.8]
1245,0.00025,64,0.99,0.95,[26.98]
1246,0.00025,64,0.99,0.95,[30.46]
1247,0.00025,64,0.99,0.95,[29.3]
1248,0.00025,64,0.99,0.95,[27.62]
1249,0.00025,64,0.99,0.95,[27.02]
1250,0.00025,64,0.99,0.95,[26.96]
1251,0.00025,64,0.99,0.95,[25.32]
1252,0.00025,64,0.99,0.95,[28.34]
1253,0.00025,64,0.99,0.95,[30.8]
1254,0.00025,64,0.99,0.95,[31.52]
1255,0.00025,64,0.99,0.95,[31.88]
1256,0.00025,64,0.99,0.95,[36.64]
1257,0.00025,64,0.99,0.95,[29.06]
1258,0.00025,64,0.99,0.95,[32.]
1259,0.00025,64,0.99,0.95,[28.42]
1260,0.00025,64,0.99,0.95,[28.94]
1261,0.00025,64,0.99,0.95,[31.52]
1262,0.00025,64,0.99,0.95,[23.]
1263,0.00025,64,0.99,0.95,[25.68]
1264,0.00025,64,0.99,0.95,[29.52]
1265,0.00025,64,0.99,0.95,[33.98]
1266,0.00025,64,0.99,0.95,[30.66]
1267,0.00025,64,0.99,0.95,[24.68]
1268,0.00025,64,0.99,0.95,[29.24]
1269,0.00025,64,0.99,0.95,[26.66]
1270,0.00025,64,0.99,0.95,[28.42]
1271,0.00025,64,0.99,0.95,[33.78]
1272,0.00025,64,0.99,0.95,[26.7]
1273,0.00025,64,0.99,0.95,[26.78]
1274,0.00025,64,0.99,0.95,[32.36]
1275,0.00025,64,0.99,0.95,[29.92]
1276,0.00025,64,0.99,0.95,[34.92]
1277,0.00025,64,0.99,0.95,[27.56]
1278,0.00025,64,0.99,0.95,[34.02]
1279,0.00025,64,0.99,0.95,[25.66]
1280,0.00025,64,0.99,0.95,[32.74]
1281,0.00025,64,0.99,0.95,[27.62]
1282,0.00025,64,0.99,0.95,[31.98]
1283,0.00025,64,0.99,0.95,[30.1]
1284,0.00025,64,0.99,0.95,[30.34]
1285,0.00025,64,0.99,0.95,[30.4]
1286,0.00025,64,0.99,0.95,[29.94]
1287,0.00025,64,0.99,0.95,[27.88]
1288,0.00025,64,0.99,0.95,[27.8]
1289,0.00025,64,0.99,0.95,[26.8]
1290,0.00025,64,0.99,0.95,[24.02]
1291,0.00025,64,0.99,0.95,[32.4]
1292,0.00025,64,0.99,0.95,[30.16]
1293,0.00025,64,0.99,0.95,[26.96]
1294,0.00025,64,0.99,0.95,[33.28]
1295,0.00025,64,0.99,0.95,[24.84]
1296,0.00025,64,0.99,0.95,[23.98]
1297,0.00025,64,0.99,0.95,[29.86]
1298,0.00025,64,0.99,0.95,[32.18]
1299,0.00025,64,0.99,0.95,[27.48]
1300,0.00025,64,0.99,0.95,[27.74]
1301,0.00025,64,0.99,0.95,[24.66]
1302,0.00025,64,0.99,0.95,[26.12]
1303,0.00025,64,0.99,0.95,[26.3]
1304,0.00025,64,0.99,0.95,[29.26]
1305,0.00025,64,0.99,0.95,[28.24]
1306,0.00025,64,0.99,0.95,[25.22]
1307,0.00025,64,0.99,0.95,[34.86]
1308,0.00025,64,0.99,0.95,[31.06]
1309,0.00025,64,0.99,0.95,[27.14]
1310,0.00025,64,0.99,0.95,[31.8]
1311,0.00025,64,0.99,0.95,[26.46]
1312,0.00025,64,0.99,0.95,[31.62]
1313,0.00025,64,0.99,0.95,[31.78]
1314,0.00025,64,0.99,0.95,[29.82]
1315,0.00025,64,0.99,0.95,[34.84]
1316,0.00025,64,0.99,0.95,[27.56]
1317,0.00025,64,0.99,0.95,[34.26]
1318,0.00025,64,0.99,0.95,[25.3]
1319,0.00025,64,0.99,0.95,[37.2]
1320,0.00025,64,0.99,0.95,[28.18]
1321,0.00025,64,0.99,0.95,[28.34]
1322,0.00025,64,0.99,0.95,[29.3]
1323,0.00025,64,0.99,0.95,[29.44]
1324,0.00025,64,0.99,0.95,[28.82]
1325,0.00025,64,0.99,0.95,[29.04]
1326,0.00025,64,0.99,0.95,[25.18]
1327,0.00025,64,0.99,0.95,[26.3]
1328,0.00025,64,0.99,0.95,[29.36]
1329,0.00025,64,0.99,0.95,[30.64]
1330,0.00025,64,0.99,0.95,[27.24]
1331,0.00025,64,0.99,0.95,[34.54]
1332,0.00025,64,0.99,0.95,[35.06]
1333,0.00025,64,0.99,0.95,[26.1]
1334,0.00025,64,0.99,0.95,[30.92]
1335,0.00025,64,0.99,0.95,[26.54]
1336,0.00025,64,0.99,0.95,[33.12]
1337,0.00025,64,0.99,0.95,[27.9]
1338,0.00025,64,0.99,0.95,[27.86]
1339,0.00025,64,0.99,0.95,[27.54]
1340,0.00025,64,0.99,0.95,[35.4]
1341,0.00025,64,0.99,0.95,[30.42]
1342,0.00025,64,0.99,0.95,[27.16]
1343,0.00025,64,0.99,0.95,[29.18]
1344,0.00025,64,0.99,0.95,[34.18]
1345,0.00025,64,0.99,0.95,[31.32]
1346,0.00025,64,0.99,0.95,[30.42]
1347,0.00025,64,0.99,0.95,[26.68]
1348,0.00025,64,0.99,0.95,[24.66]
1349,0.00025,64,0.99,0.95,[26.38]
1350,0.00025,64,0.99,0.95,[29.7]
1351,0.00025,64,0.99,0.95,[26.94]
1352,0.00025,64,0.99,0.95,[30.56]
1353,0.00025,64,0.99,0.95,[29.66]
1354,0.00025,64,0.99,0.95,[28.56]
1355,0.00025,64,0.99,0.95,[24.74]
1356,0.00025,64,0.99,0.95,[24.3]
1357,0.00025,64,0.99,0.95,[25.38]
1358,0.00025,64,0.99,0.95,[28.46]
1359,0.00025,64,0.99,0.95,[33.16]
1360,0.00025,64,0.99,0.95,[25.26]
1361,0.00025,64,0.99,0.95,[27.48]
1362,0.00025,64,0.99,0.95,[28.98]
1363,0.00025,64,0.99,0.95,[28.16]
1364,0.00025,64,0.99,0.95,[25.9]
1365,0.00025,64,0.99,0.95,[27.74]
1366,0.00025,64,0.99,0.95,[27.3]
1367,0.00025,64,0.99,0.95,[30.94]
1368,0.00025,64,0.99,0.95,[28.14]
1369,0.00025,64,0.99,0.95,[27.08]
1370,0.00025,64,0.99,0.95,[24.84]
1371,0.00025,64,0.99,0.95,[24.3]
1372,0.00025,64,0.99,0.95,[29.44]
1373,0.00025,64,0.99,0.95,[32.52]
1374,0.00025,64,0.99,0.95,[24.62]
1375,0.00025,64,0.99,0.95,[29.18]
1376,0.00025,64,0.99,0.95,[30.54]
1377,0.00025,64,0.99,0.95,[26.82]
1378,0.00025,64,0.99,0.95,[26.66]
1379,0.00025,64,0.99,0.95,[34.32]
1380,0.00025,64,0.99,0.95,[23.18]
1381,0.00025,64,0.99,0.95,[31.]
1382,0.00025,64,0.99,0.95,[29.66]
1383,0.00025,64,0.99,0.95,[28.46]
1384,0.00025,64,0.99,0.95,[31.52]
1385,0.00025,64,0.99,0.95,[28.72]
1386,0.00025,64,0.99,0.95,[29.38]
1387,0.00025,64,0.99,0.95,[30.34]
1388,0.00025,64,0.99,0.95,[25.42]
1389,0.00025,64,0.99,0.95,[27.98]
1390,0.00025,64,0.99,0.95,[27.16]
1391,0.00025,64,0.99,0.95,[30.12]
1392,0.00025,64,0.99,0.95,[26.38]
1393,0.00025,64,0.99,0.95,[36.72]
1394,0.00025,64,0.99,0.95,[26.52]
1395,0.00025,64,0.99,0.95,[31.86]
1396,0.00025,64,0.99,0.95,[27.64]
1397,0.00025,64,0.99,0.95,[28.72]
1398,0.00025,64,0.99,0.95,[25.32]
1399,0.00025,64,0.99,0.95,[30.32]
1400,0.00025,64,0.99,0.95,[24.7]
1401,0.00025,64,0.99,0.95,[29.62]
1402,0.00025,64,0.99,0.95,[25.22]
1403,0.00025,64,0.99,0.95,[27.06]
1404,0.00025,64,0.99,0.95,[28.5]
1405,0.00025,64,0.99,0.95,[25.54]
1406,0.00025,64,0.99,0.95,[26.5]
1407,0.00025,64,0.99,0.95,[29.46]
1408,0.00025,64,0.99,0.95,[28.34]
1409,0.00025,64,0.99,0.95,[31.56]
1410,0.00025,64,0.99,0.95,[25.66]
1411,0.00025,64,0.99,0.95,[29.46]
1412,0.00025,64,0.99,0.95,[29.3]
1413,0.00025,64,0.99,0.95,[30.2]
1414,0.00025,64,0.99,0.95,[26.82]
1415,0.00025,64,0.99,0.95,[34.14]
1416,0.00025,64,0.99,0.95,[27.3]
1417,0.00025,64,0.99,0.95,[27.1]
1418,0.00025,64,0.99,0.95,[30.54]
1419,0.00025,64,0.99,0.95,[27.14]
1420,0.00025,64,0.99,0.95,[29.96]
1421,0.00025,64,0.99,0.95,[24.]
1422,0.00025,64,0.99,0.95,[27.9]
1423,0.00025,64,0.99,0.95,[29.56]
1424,0.00025,64,0.99,0.95,[28.76]
1425,0.00025,64,0.99,0.95,[23.18]
1426,0.00025,64,0.99,0.95,[30.12]
1427,0.00025,64,0.99,0.95,[32.46]
1428,0.00025,64,0.99,0.95,[27.7]
1429,0.00025,64,0.99,0.95,[29.98]
1430,0.00025,64,0.99,0.95,[26.02]
1431,0.00025,64,0.99,0.95,[35.46]
1432,0.00025,64,0.99,0.95,[26.36]
1433,0.00025,64,0.99,0.95,[29.2]
1434,0.00025,64,0.99,0.95,[31.08]
1435,0.00025,64,0.99,0.95,[27.44]
1436,0.00025,64,0.99,0.95,[31.5]
1437,0.00025,64,0.99,0.95,[33.1]
1438,0.00025,64,0.99,0.95,[32.72]
1439,0.00025,64,0.99,0.95,[32.4]
1440,0.00025,64,0.99,0.95,[34.04]
1441,0.00025,64,0.99,0.95,[30.66]
1442,0.00025,64,0.99,0.95,[27.88]
1443,0.00025,64,0.99,0.95,[28.3]
1444,0.00025,64,0.99,0.95,[24.54]
1445,0.00025,64,0.99,0.95,[27.1]
1446,0.00025,64,0.99,0.95,[31.1]
1447,0.00025,64,0.99,0.95,[31.92]
1448,0.00025,64,0.99,0.95,[30.72]
1449,0.00025,64,0.99,0.95,[27.5]
1450,0.00025,64,0.99,0.95,[31.14]
1451,0.00025,64,0.99,0.95,[32.86]
1452,0.00025,64,0.99,0.95,[27.6]
1453,0.00025,64,0.99,0.95,[27.22]
1454,0.00025,64,0.99,0.95,[30.58]
1455,0.00025,64,0.99,0.95,[26.7]
1456,0.00025,64,0.99,0.95,[29.68]
1457,0.00025,64,0.99,0.95,[29.8]
1458,0.00025,64,0.99,0.95,[27.88]
1459,0.00025,64,0.99,0.95,[28.8]
1460,0.00025,64,0.99,0.95,[24.28]
1461,0.00025,64,0.99,0.95,[27.9]
1462,0.00025,64,0.99,0.95,[24.88]
1463,0.00025,64,0.99,0.95,[28.34]
1464,0.00025,64,0.99,0.95,[33.]
1465,0.00025,64,0.99,0.95,[30.48]
1466,0.00025,64,0.99,0.95,[27.7]
1467,0.00025,64,0.99,0.95,[28.06]
1468,0.00025,64,0.99,0.95,[28.26]
1469,0.00025,64,0.99,0.95,[27.08]
1470,0.00025,64,0.99,0.95,[28.26]
1471,0.00025,64,0.99,0.95,[30.94]
1472,0.00025,64,0.99,0.95,[26.98]
1473,0.00025,64,0.99,0.95,[30.54]
1474,0.00025,64,0.99,0.95,[30.72]
1475,0.00025,64,0.99,0.95,[29.48]
1476,0.00025,64,0.99,0.95,[29.22]
1477,0.00025,64,0.99,0.95,[34.94]
1478,0.00025,64,0.99,0.95,[36.32]
1479,0.00025,64,0.99,0.95,[26.5]
1480,0.00025,64,0.99,0.95,[25.82]
1481,0.00025,64,0.99,0.95,[25.24]
1482,0.00025,64,0.99,0.95,[28.62]
1483,0.00025,64,0.99,0.95,[28.18]
1484,0.00025,64,0.99,0.95,[29.82]
1485,0.00025,64,0.99,0.95,[27.14]
1486,0.00025,64,0.99,0.95,[29.16]
1487,0.00025,64,0.99,0.95,[26.92]
1488,0.00025,64,0.99,0.95,[29.9]
1489,0.00025,64,0.99,0.95,[36.7]
1490,0.00025,64,0.99,0.95,[27.3]
1491,0.00025,64,0.99,0.95,[28.42]
1492,0.00025,64,0.99,0.95,[34.54]
1493,0.00025,64,0.99,0.95,[30.88]
1494,0.00025,64,0.99,0.95,[25.54]
1495,0.00025,64,0.99,0.95,[32.]
1496,0.00025,64,0.99,0.95,[29.62]
1497,0.00025,64,0.99,0.95,[23.04]
1498,0.00025,64,0.99,0.95,[30.62]
1499,0.00025,64,0.99,0.95,[34.32]
1500,0.00025,64,0.99,0.95,[32.32]
1501,0.00025,64,0.99,0.95,[26.1]
1502,0.00025,64,0.99,0.95,[28.54]
1503,0.00025,64,0.99,0.95,[25.64]
1504,0.00025,64,0.99,0.95,[27.92]
1505,0.00025,64,0.99,0.95,[29.82]
1506,0.00025,64,0.99,0.95,[30.06]
1507,0.00025,64,0.99,0.95,[31.36]
1508,0.00025,64,0.99,0.95,[29.3]
1509,0.00025,64,0.99,0.95,[29.72]
1510,0.00025,64,0.99,0.95,[26.76]
1511,0.00025,64,0.99,0.95,[23.66]
1512,0.00025,64,0.99,0.95,[29.62]
1513,0.00025,64,0.99,0.95,[25.22]
1514,0.00025,64,0.99,0.95,[34.1]
1515,0.00025,64,0.99,0.95,[28.28]
1516,0.00025,64,0.99,0.95,[33.34]
1517,0.00025,64,0.99,0.95,[26.8]
1518,0.00025,64,0.99,0.95,[34.18]
1519,0.00025,64,0.99,0.95,[34.84]
1520,0.00025,64,0.99,0.95,[27.08]
1521,0.00025,64,0.99,0.95,[34.16]
1522,0.00025,64,0.99,0.95,[29.7]
1523,0.00025,64,0.99,0.95,[24.18]
1524,0.00025,64,0.99,0.95,[28.74]
1525,0.00025,64,0.99,0.95,[27.38]
1526,0.00025,64,0.99,0.95,[29.56]
1527,0.00025,64,0.99,0.95,[26.36]
1528,0.00025,64,0.99,0.95,[31.76]
1529,0.00025,64,0.99,0.95,[25.6]
1530,0.00025,64,0.99,0.95,[28.56]
1531,0.00025,64,0.99,0.95,[29.26]
1532,0.00025,64,0.99,0.95,[28.76]
1533,0.00025,64,0.99,0.95,[29.76]
1534,0.00025,64,0.99,0.95,[28.44]
1535,0.00025,64,0.99,0.95,[29.16]
1536,0.00025,64,0.99,0.95,[30.78]
1537,0.00025,64,0.99,0.95,[25.58]
1538,0.00025,64,0.99,0.95,[28.52]
1539,0.00025,64,0.99,0.95,[32.3]
1540,0.00025,64,0.99,0.95,[31.84]
1541,0.00025,64,0.99,0.95,[28.48]
1542,0.00025,64,0.99,0.95,[25.16]
1543,0.00025,64,0.99,0.95,[22.7]
1544,0.00025,64,0.99,0.95,[32.58]
1545,0.00025,64,0.99,0.95,[29.36]
1546,0.00025,64,0.99,0.95,[33.06]
1547,0.00025,64,0.99,0.95,[27.6]
1548,0.00025,64,0.99,0.95,[26.62]
1549,0.00025,64,0.99,0.95,[28.22]
1550,0.00025,64,0.99,0.95,[25.3]
1551,0.00025,64,0.99,0.95,[31.2]
1552,0.00025,64,0.99,0.95,[32.6]
1553,0.00025,64,0.99,0.95,[31.86]
1554,0.00025,64,0.99,0.95,[29.86]
1555,0.00025,64,0.99,0.95,[29.36]
1556,0.00025,64,0.99,0.95,[26.8]
1557,0.00025,64,0.99,0.95,[32.66]
1558,0.00025,64,0.99,0.95,[29.58]
1559,0.00025,64,0.99,0.95,[24.7]
1560,0.00025,64,0.99,0.95,[28.48]
1561,0.00025,64,0.99,0.95,[30.36]
1562,0.00025,64,0.99,0.95,[24.3]
1563,0.00025,64,0.99,0.95,[26.56]
1564,0.00025,64,0.99,0.95,[26.08]
1565,0.00025,64,0.99,0.95,[28.1]
1566,0.00025,64,0.99,0.95,[28.2]
1567,0.00025,64,0.99,0.95,[28.34]
1568,0.00025,64,0.99,0.95,[28.26]
1569,0.00025,64,0.99,0.95,[25.24]
1570,0.00025,64,0.99,0.95,[28.28]
1571,0.00025,64,0.99,0.95,[28.02]
1572,0.00025,64,0.99,0.95,[26.78]
1573,0.00025,64,0.99,0.95,[27.78]
1574,0.00025,64,0.99,0.95,[24.56]
1575,0.00025,64,0.99,0.95,[26.66]
1576,0.00025,64,0.99,0.95,[26.78]
1577,0.00025,64,0.99,0.95,[28.]
1578,0.00025,64,0.99,0.95,[24.88]
1579,0.00025,64,0.99,0.95,[31.82]
1580,0.00025,64,0.99,0.95,[30.1]
1581,0.00025,64,0.99,0.95,[25.9]
1582,0.00025,64,0.99,0.95,[28.54]
1583,0.00025,64,0.99,0.95,[31.22]
1584,0.00025,64,0.99,0.95,[28.44]
1585,0.00025,64,0.99,0.95,[28.96]
1586,0.00025,64,0.99,0.95,[30.6]
1587,0.00025,64,0.99,0.95,[26.78]
1588,0.00025,64,0.99,0.95,[24.62]
1589,0.00025,64,0.99,0.95,[30.4]
1590,0.00025,64,0.99,0.95,[26.96]
1591,0.00025,64,0.99,0.95,[30.24]
1592,0.00025,64,0.99,0.95,[24.92]
1593,0.00025,64,0.99,0.95,[28.9]
1594,0.00025,64,0.99,0.95,[30.56]
1595,0.00025,64,0.99,0.95,[26.54]
1596,0.00025,64,0.99,0.95,[31.36]
1597,0.00025,64,0.99,0.95,[31.48]
1598,0.00025,64,0.99,0.95,[36.48]
1599,0.00025,64,0.99,0.95,[25.44]
1600,0.00025,64,0.99,0.95,[27.3]
1601,0.00025,64,0.99,0.95,[28.16]
1602,0.00025,64,0.99,0.95,[25.84]
1603,0.00025,64,0.99,0.95,[26.28]
1604,0.00025,64,0.99,0.95,[32.94]
1605,0.00025,64,0.99,0.95,[29.2]
1606,0.00025,64,0.99,0.95,[25.58]
1607,0.00025,64,0.99,0.95,[27.6]
1608,0.00025,64,0.99,0.95,[23.68]
1609,0.00025,64,0.99,0.95,[29.72]
1610,0.00025,64,0.99,0.95,[28.34]
1611,0.00025,64,0.99,0.95,[23.42]
1612,0.00025,64,0.99,0.95,[33.76]
1613,0.00025,64,0.99,0.95,[28.3]
1614,0.00025,64,0.99,0.95,[32.52]
1615,0.00025,64,0.99,0.95,[28.56]
1616,0.00025,64,0.99,0.95,[31.56]
1617,0.00025,64,0.99,0.95,[27.6]
1618,0.00025,64,0.99,0.95,[31.94]
1619,0.00025,64,0.99,0.95,[24.88]
1620,0.00025,64,0.99,0.95,[25.24]
1621,0.00025,64,0.99,0.95,[23.94]
1622,0.00025,64,0.99,0.95,[31.66]
1623,0.00025,64,0.99,0.95,[24.78]
1624,0.00025,64,0.99,0.95,[29.16]
1625,0.00025,64,0.99,0.95,[26.]
1626,0.00025,64,0.99,0.95,[28.82]
1627,0.00025,64,0.99,0.95,[30.76]
1628,0.00025,64,0.99,0.95,[25.94]
1629,0.00025,64,0.99,0.95,[26.56]
1630,0.00025,64,0.99,0.95,[29.92]
1631,0.00025,64,0.99,0.95,[26.28]
1632,0.00025,64,0.99,0.95,[38.2]
1633,0.00025,64,0.99,0.95,[25.76]
1634,0.00025,64,0.99,0.95,[34.24]
1635,0.00025,64,0.99,0.95,[25.44]
1636,0.00025,64,0.99,0.95,[29.92]
1637,0.00025,64,0.99,0.95,[29.72]
1638,0.00025,64,0.99,0.95,[24.74]
1639,0.00025,64,0.99,0.95,[31.62]
1640,0.00025,64,0.99,0.95,[27.24]
1641,0.00025,64,0.99,0.95,[28.26]
1642,0.00025,64,0.99,0.95,[26.48]
1643,0.00025,64,0.99,0.95,[30.42]
1644,0.00025,64,0.99,0.95,[25.14]
1645,0.00025,64,0.99,0.95,[30.56]
1646,0.00025,64,0.99,0.95,[25.88]
1647,0.00025,64,0.99,0.95,[31.08]
1648,0.00025,64,0.99,0.95,[30.9]
1649,0.00025,64,0.99,0.95,[29.2]
1650,0.00025,64,0.99,0.95,[28.76]
1651,0.00025,64,0.99,0.95,[31.64]
1652,0.00025,64,0.99,0.95,[28.46]
1653,0.00025,64,0.99,0.95,[27.24]
1654,0.00025,64,0.99,0.95,[32.82]
1655,0.00025,64,0.99,0.95,[30.64]
1656,0.00025,64,0.99,0.95,[25.14]
1657,0.00025,64,0.99,0.95,[26.84]
1658,0.00025,64,0.99,0.95,[28.48]
1659,0.00025,64,0.99,0.95,[29.44]
1660,0.00025,64,0.99,0.95,[27.56]
1661,0.00025,64,0.99,0.95,[23.72]
1662,0.00025,64,0.99,0.95,[31.]
1663,0.00025,64,0.99,0.95,[30.16]
1664,0.00025,64,0.99,0.95,[26.5]
1665,0.00025,64,0.99,0.95,[32.6]
1666,0.00025,64,0.99,0.95,[27.72]
1667,0.00025,64,0.99,0.95,[30.92]
1668,0.00025,64,0.99,0.95,[24.4]
1669,0.00025,64,0.99,0.95,[30.24]
1670,0.00025,64,0.99,0.95,[28.04]
1671,0.00025,64,0.99,0.95,[29.2]
1672,0.00025,64,0.99,0.95,[28.12]
1673,0.00025,64,0.99,0.95,[29.96]
1674,0.00025,64,0.99,0.95,[26.08]
1675,0.00025,64,0.99,0.95,[32.8]
1676,0.00025,64,0.99,0.95,[30.2]
1677,0.00025,64,0.99,0.95,[28.52]
1678,0.00025,64,0.99,0.95,[28.32]
1679,0.00025,64,0.99,0.95,[28.58]
1680,0.00025,64,0.99,0.95,[26.02]
1681,0.00025,64,0.99,0.95,[32.48]
1682,0.00025,64,0.99,0.95,[32.92]
1683,0.00025,64,0.99,0.95,[28.76]
1684,0.00025,64,0.99,0.95,[27.66]
1685,0.00025,64,0.99,0.95,[32.4]
1686,0.00025,64,0.99,0.95,[31.64]
1687,0.00025,64,0.99,0.95,[22.52]
1688,0.00025,64,0.99,0.95,[26.26]
1689,0.00025,64,0.99,0.95,[27.7]
1690,0.00025,64,0.99,0.95,[32.54]
1691,0.00025,64,0.99,0.95,[31.56]
1692,0.00025,64,0.99,0.95,[26.38]
1693,0.00025,64,0.99,0.95,[25.]
1694,0.00025,64,0.99,0.95,[29.64]
1695,0.00025,64,0.99,0.95,[27.74]
1696,0.00025,64,0.99,0.95,[27.36]
1697,0.00025,64,0.99,0.95,[33.82]
1698,0.00025,64,0.99,0.95,[26.32]
1699,0.00025,64,0.99,0.95,[31.4]
1700,0.00025,64,0.99,0.95,[21.2]
1701,0.00025,64,0.99,0.95,[33.3]
1702,0.00025,64,0.99,0.95,[26.14]
1703,0.00025,64,0.99,0.95,[36.42]
1704,0.00025,64,0.99,0.95,[28.12]
1705,0.00025,64,0.99,0.95,[22.]
1706,0.00025,64,0.99,0.95,[31.96]
1707,0.00025,64,0.99,0.95,[26.72]
1708,0.00025,64,0.99,0.95,[28.06]
1709,0.00025,64,0.99,0.95,[32.9]
1710,0.00025,64,0.99,0.95,[27.28]
1711,0.00025,64,0.99,0.95,[31.64]
1712,0.00025,64,0.99,0.95,[30.18]
1713,0.00025,64,0.99,0.95,[29.08]
1714,0.00025,64,0.99,0.95,[25.3]
1715,0.00025,64,0.99,0.95,[29.86]
1716,0.00025,64,0.99,0.95,[31.28]
1717,0.00025,64,0.99,0.95,[28.96]
1718,0.00025,64,0.99,0.95,[30.9]
1719,0.00025,64,0.99,0.95,[27.58]
1720,0.00025,64,0.99,0.95,[23.22]
1721,0.00025,64,0.99,0.95,[26.44]
1722,0.00025,64,0.99,0.95,[27.86]
1723,0.00025,64,0.99,0.95,[27.56]
1724,0.00025,64,0.99,0.95,[32.5]
1725,0.00025,64,0.99,0.95,[24.9]
1726,0.00025,64,0.99,0.95,[32.48]
1727,0.00025,64,0.99,0.95,[29.52]
1728,0.00025,64,0.99,0.95,[23.92]
1729,0.00025,64,0.99,0.95,[28.74]
1730,0.00025,64,0.99,0.95,[26.02]
1731,0.00025,64,0.99,0.95,[36.12]
1732,0.00025,64,0.99,0.95,[33.28]
1733,0.00025,64,0.99,0.95,[29.9]
1734,0.00025,64,0.99,0.95,[28.28]
1735,0.00025,64,0.99,0.95,[27.8]
1736,0.00025,64,0.99,0.95,[31.18]
1737,0.00025,64,0.99,0.95,[31.4]
1738,0.00025,64,0.99,0.95,[34.44]
1739,0.00025,64,0.99,0.95,[27.72]
1740,0.00025,64,0.99,0.95,[24.94]
1741,0.00025,64,0.99,0.95,[26.7]
1742,0.00025,64,0.99,0.95,[27.36]
1743,0.00025,64,0.99,0.95,[32.98]
1744,0.00025,64,0.99,0.95,[29.12]
1745,0.00025,64,0.99,0.95,[30.08]
1746,0.00025,64,0.99,0.95,[24.78]
1747,0.00025,64,0.99,0.95,[28.48]
1748,0.00025,64,0.99,0.95,[25.14]
1749,0.00025,64,0.99,0.95,[33.06]
1750,0.00025,64,0.99,0.95,[28.68]
1751,0.00025,64,0.99,0.95,[32.2]
1752,0.00025,64,0.99,0.95,[25.6]
1753,0.00025,64,0.99,0.95,[25.08]
1754,0.00025,64,0.99,0.95,[25.92]
1755,0.00025,64,0.99,0.95,[30.58]
1756,0.00025,64,0.99,0.95,[29.36]
1757,0.00025,64,0.99,0.95,[32.82]
1758,0.00025,64,0.99,0.95,[30.38]
1759,0.00025,64,0.99,0.95,[30.64]
1760,0.00025,64,0.99,0.95,[33.46]
1761,0.00025,64,0.99,0.95,[25.04]
1762,0.00025,64,0.99,0.95,[27.12]
1763,0.00025,64,0.99,0.95,[26.24]
1764,0.00025,64,0.99,0.95,[25.9]
1765,0.00025,64,0.99,0.95,[27.1]
1766,0.00025,64,0.99,0.95,[28.04]
1767,0.00025,64,0.99,0.95,[28.72]
1768,0.00025,64,0.99,0.95,[31.92]
1769,0.00025,64,0.99,0.95,[29.96]
1770,0.00025,64,0.99,0.95,[32.26]
1771,0.00025,64,0.99,0.95,[26.44]
1772,0.00025,64,0.99,0.95,[31.92]
1773,0.00025,64,0.99,0.95,[30.5]
1774,0.00025,64,0.99,0.95,[28.8]
1775,0.00025,64,0.99,0.95,[32.06]
1776,0.00025,64,0.99,0.95,[27.16]
1777,0.00025,64,0.99,0.95,[27.94]
1778,0.00025,64,0.99,0.95,[31.98]
1779,0.00025,64,0.99,0.95,[27.72]
1780,0.00025,64,0.99,0.95,[26.02]
1781,0.00025,64,0.99,0.95,[25.34]
1782,0.00025,64,0.99,0.95,[29.64]
1783,0.00025,64,0.99,0.95,[28.6]
1784,0.00025,64,0.99,0.95,[26.44]
1785,0.00025,64,0.99,0.95,[32.64]
1786,0.00025,64,0.99,0.95,[31.58]
1787,0.00025,64,0.99,0.95,[26.74]
1788,0.00025,64,0.99,0.95,[26.12]
1789,0.00025,64,0.99,0.95,[32.8]
1790,0.00025,64,0.99,0.95,[31.7]
1791,0.00025,64,0.99,0.95,[25.22]
1792,0.00025,64,0.99,0.95,[32.24]
1793,0.00025,64,0.99,0.95,[25.66]
1794,0.00025,64,0.99,0.95,[27.74]
1795,0.00025,64,0.99,0.95,[27.62]
1796,0.00025,64,0.99,0.95,[34.12]
1797,0.00025,64,0.99,0.95,[30.94]
1798,0.00025,64,0.99,0.95,[27.5]
1799,0.00025,64,0.99,0.95,[24.4]
1800,0.00025,64,0.99,0.95,[26.02]
1801,0.00025,64,0.99,0.95,[23.26]
1802,0.00025,64,0.99,0.95,[32.28]
1803,0.00025,64,0.99,0.95,[29.36]
1804,0.00025,64,0.99,0.95,[30.3]
1805,0.00025,64,0.99,0.95,[25.72]
1806,0.00025,64,0.99,0.95,[27.08]
1807,0.00025,64,0.99,0.95,[29.38]
1808,0.00025,64,0.99,0.95,[28.54]
1809,0.00025,64,0.99,0.95,[29.2]
1810,0.00025,64,0.99,0.95,[25.46]
1811,0.00025,64,0.99,0.95,[29.18]
1812,0.00025,64,0.99,0.95,[25.66]
1813,0.00025,64,0.99,0.95,[25.26]
1814,0.00025,64,0.99,0.95,[26.52]
1815,0.00025,64,0.99,0.95,[26.3]
1816,0.00025,64,0.99,0.95,[26.68]
1817,0.00025,64,0.99,0.95,[33.92]
1818,0.00025,64,0.99,0.95,[25.78]
1819,0.00025,64,0.99,0.95,[28.38]
1820,0.00025,64,0.99,0.95,[26.7]
1821,0.00025,64,0.99,0.95,[27.78]
1822,0.00025,64,0.99,0.95,[24.5]
1823,0.00025,64,0.99,0.95,[25.78]
1824,0.00025,64,0.99,0.95,[26.2]
1825,0.00025,64,0.99,0.95,[31.1]
1826,0.00025,64,0.99,0.95,[29.32]
1827,0.00025,64,0.99,0.95,[30.84]
1828,0.00025,64,0.99,0.95,[32.74]
1829,0.00025,64,0.99,0.95,[25.64]
1830,0.00025,64,0.99,0.95,[34.02]
1831,0.00025,64,0.99,0.95,[30.18]
1832,0.00025,64,0.99,0.95,[31.58]
1833,0.00025,64,0.99,0.95,[30.34]
1834,0.00025,64,0.99,0.95,[28.76]
1835,0.00025,64,0.99,0.95,[30.2]
1836,0.00025,64,0.99,0.95,[29.28]
1837,0.00025,64,0.99,0.95,[25.62]
1838,0.00025,64,0.99,0.95,[31.2]
1839,0.00025,64,0.99,0.95,[26.84]
1840,0.00025,64,0.99,0.95,[29.44]
1841,0.00025,64,0.99,0.95,[30.2]
1842,0.00025,64,0.99,0.95,[25.72]
1843,0.00025,64,0.99,0.95,[28.5]
1844,0.00025,64,0.99,0.95,[29.94]
1845,0.00025,64,0.99,0.95,[25.8]
1846,0.00025,64,0.99,0.95,[30.44]
1847,0.00025,64,0.99,0.95,[28.6]
1848,0.00025,64,0.99,0.95,[27.54]
1849,0.00025,64,0.99,0.95,[28.4]
1850,0.00025,64,0.99,0.95,[29.28]
1851,0.00025,64,0.99,0.95,[30.26]
1852,0.00025,64,0.99,0.95,[28.88]
1853,0.00025,64,0.99,0.95,[28.76]
1854,0.00025,64,0.99,0.95,[31.1]
1855,0.00025,64,0.99,0.95,[33.6]
1856,0.00025,64,0.99,0.95,[33.54]
1857,0.00025,64,0.99,0.95,[25.74]
1858,0.00025,64,0.99,0.95,[25.76]
1859,0.00025,64,0.99,0.95,[25.94]
1860,0.00025,64,0.99,0.95,[28.42]
1861,0.00025,64,0.99,0.95,[31.48]
1862,0.00025,64,0.99,0.95,[33.4]
1863,0.00025,64,0.99,0.95,[27.14]
1864,0.00025,64,0.99,0.95,[29.36]
1865,0.00025,64,0.99,0.95,[27.98]
1866,0.00025,64,0.99,0.95,[32.96]
1867,0.00025,64,0.99,0.95,[24.46]
1868,0.00025,64,0.99,0.95,[28.78]
1869,0.00025,64,0.99,0.95,[28.8]
1870,0.00025,64,0.99,0.95,[27.08]
1871,0.00025,64,0.99,0.95,[24.58]
1872,0.00025,64,0.99,0.95,[27.04]
1873,0.00025,64,0.99,0.95,[30.3]
1874,0.00025,64,0.99,0.95,[27.98]
1875,0.00025,64,0.99,0.95,[30.18]
1876,0.00025,64,0.99,0.95,[23.5]
1877,0.00025,64,0.99,0.95,[32.42]
1878,0.00025,64,0.99,0.95,[31.86]
1879,0.00025,64,0.99,0.95,[29.04]
1880,0.00025,64,0.99,0.95,[27.5]
1881,0.00025,64,0.99,0.95,[30.]
1882,0.00025,64,0.99,0.95,[26.52]
1883,0.00025,64,0.99,0.95,[33.02]
1884,0.00025,64,0.99,0.95,[28.68]
1885,0.00025,64,0.99,0.95,[32.32]
1886,0.00025,64,0.99,0.95,[30.08]
1887,0.00025,64,0.99,0.95,[29.2]
1888,0.00025,64,0.99,0.95,[27.]
1889,0.00025,64,0.99,0.95,[28.32]
1890,0.00025,64,0.99,0.95,[27.48]
1891,0.00025,64,0.99,0.95,[26.66]
1892,0.00025,64,0.99,0.95,[25.82]
1893,0.00025,64,0.99,0.95,[29.]
1894,0.00025,64,0.99,0.95,[32.32]
1895,0.00025,64,0.99,0.95,[32.1]
1896,0.00025,64,0.99,0.95,[31.22]
1897,0.00025,64,0.99,0.95,[30.68]
1898,0.00025,64,0.99,0.95,[33.24]
1899,0.00025,64,0.99,0.95,[32.78]
1900,0.00025,64,0.99,0.95,[29.34]
1901,0.00025,64,0.99,0.95,[28.78]
1902,0.00025,64,0.99,0.95,[31.28]
1903,0.00025,64,0.99,0.95,[28.38]
1904,0.00025,64,0.99,0.95,[29.74]
1905,0.00025,64,0.99,0.95,[31.14]
1906,0.00025,64,0.99,0.95,[27.66]
1907,0.00025,64,0.99,0.95,[27.68]
1908,0.00025,64,0.99,0.95,[30.96]
1909,0.00025,64,0.99,0.95,[31.7]
1910,0.00025,64,0.99,0.95,[29.76]
1911,0.00025,64,0.99,0.95,[30.14]
1912,0.00025,64,0.99,0.95,[28.56]
1913,0.00025,64,0.99,0.95,[27.32]
1914,0.00025,64,0.99,0.95,[31.18]
1915,0.00025,64,0.99,0.95,[27.6]
1916,0.00025,64,0.99,0.95,[26.92]
1917,0.00025,64,0.99,0.95,[26.76]
1918,0.00025,64,0.99,0.95,[29.42]
1919,0.00025,64,0.99,0.95,[28.56]
1920,0.00025,64,0.99,0.95,[31.04]
1921,0.00025,64,0.99,0.95,[22.96]
1922,0.00025,64,0.99,0.95,[25.66]
1923,0.00025,64,0.99,0.95,[34.98]
1924,0.00025,64,0.99,0.95,[32.9]
1925,0.00025,64,0.99,0.95,[20.98]
1926,0.00025,64,0.99,0.95,[27.9]
1927,0.00025,64,0.99,0.95,[30.92]
1928,0.00025,64,0.99,0.95,[24.14]
1929,0.00025,64,0.99,0.95,[30.62]
1930,0.00025,64,0.99,0.95,[33.5]
1931,0.00025,64,0.99,0.95,[27.1]
1932,0.00025,64,0.99,0.95,[29.42]
1933,0.00025,64,0.99,0.95,[29.86]
1934,0.00025,64,0.99,0.95,[33.86]
1935,0.00025,64,0.99,0.95,[28.46]
1936,0.00025,64,0.99,0.95,[27.22]
1937,0.00025,64,0.99,0.95,[29.3]
1938,0.00025,64,0.99,0.95,[28.4]
1939,0.00025,64,0.99,0.95,[28.68]
1940,0.00025,64,0.99,0.95,[25.3]
1941,0.00025,64,0.99,0.95,[30.02]
1942,0.00025,64,0.99,0.95,[26.46]
1943,0.00025,64,0.99,0.95,[28.9]
1944,0.00025,64,0.99,0.95,[27.52]
1945,0.00025,64,0.99,0.95,[26.46]
1946,0.00025,64,0.99,0.95,[29.18]
1947,0.00025,64,0.99,0.95,[31.7]
1948,0.00025,64,0.99,0.95,[29.7]
1949,0.00025,64,0.99,0.95,[25.58]
1950,0.00025,64,0.99,0.95,[31.08]
1951,0.00025,64,0.99,0.95,[32.94]
1952,0.00025,64,0.99,0.95,[28.54]
1953,0.00025,64,0.99,0.95,[25.66]
1954,0.00025,64,0.99,0.95,[29.9]
1955,0.00025,64,0.99,0.95,[29.28]
1956,0.00025,64,0.99,0.95,[33.62]
1957,0.00025,64,0.99,0.95,[26.5]
1958,0.00025,64,0.99,0.95,[24.58]
1959,0.00025,64,0.99,0.95,[23.74]
1960,0.00025,64,0.99,0.95,[37.]
1961,0.00025,64,0.99,0.95,[32.96]
1962,0.00025,64,0.99,0.95,[28.22]
1963,0.00025,64,0.99,0.95,[24.78]
1964,0.00025,64,0.99,0.95,[32.74]
1965,0.00025,64,0.99,0.95,[25.22]
1966,0.00025,64,0.99,0.95,[29.96]
1967,0.00025,64,0.99,0.95,[27.86]
1968,0.00025,64,0.99,0.95,[31.42]
1969,0.00025,64,0.99,0.95,[26.4]
1970,0.00025,64,0.99,0.95,[26.96]
1971,0.00025,64,0.99,0.95,[35.92]
1972,0.00025,64,0.99,0.95,[27.52]
1973,0.00025,64,0.99,0.95,[26.46]
1974,0.00025,64,0.99,0.95,[27.1]
1975,0.00025,64,0.99,0.95,[30.32]
1976,0.00025,64,0.99,0.95,[31.56]
1977,0.00025,64,0.99,0.95,[30.06]
1978,0.00025,64,0.99,0.95,[32.82]
1979,0.00025,64,0.99,0.95,[33.06]
1980,0.00025,64,0.99,0.95,[24.5]
1981,0.00025,64,0.99,0.95,[27.98]
1982,0.00025,64,0.99,0.95,[23.7]
1983,0.00025,64,0.99,0.95,[32.86]
1984,0.00025,64,0.99,0.95,[31.1]
1985,0.00025,64,0.99,0.95,[25.48]
1986,0.00025,64,0.99,0.95,[29.98]
1987,0.00025,64,0.99,0.95,[27.46]
1988,0.00025,64,0.99,0.95,[29.66]
1989,0.00025,64,0.99,0.95,[27.6]
1990,0.00025,64,0.99,0.95,[27.8]
1991,0.00025,64,0.99,0.95,[29.76]
1992,0.00025,64,0.99,0.95,[30.32]
1993,0.00025,64,0.99,0.95,[26.28]
1994,0.00025,64,0.99,0.95,[29.78]
1995,0.00025,64,0.99,0.95,[30.92]
1996,0.00025,64,0.99,0.95,[29.1]
1997,0.00025,64,0.99,0.95,[26.24]
1998,0.00025,64,0.99,0.95,[21.92]
1999,0.00025,64,0.99,0.95,[26.]
2000,0.00025,64,0.99,0.95,[28.04]
2001,0.00025,64,0.99,0.95,[31.82]
2002,0.00025,64,0.99,0.95,[28.08]
2003,0.00025,64,0.99,0.95,[29.82]
2004,0.00025,64,0.99,0.95,[23.04]
2005,0.00025,64,0.99,0.95,[30.34]
2006,0.00025,64,0.99,0.95,[25.48]
2007,0.00025,64,0.99,0.95,[32.74]
2008,0.00025,64,0.99,0.95,[31.32]
2009,0.00025,64,0.99,0.95,[31.44]
2010,0.00025,64,0.99,0.95,[29.94]
2011,0.00025,64,0.99,0.95,[29.3]
2012,0.00025,64,0.99,0.95,[29.46]
2013,0.00025,64,0.99,0.95,[35.6]
2014,0.00025,64,0.99,0.95,[26.58]
2015,0.00025,64,0.99,0.95,[33.26]
2016,0.00025,64,0.99,0.95,[25.62]
2017,0.00025,64,0.99,0.95,[27.12]
2018,0.00025,64,0.99,0.95,[28.18]
2019,0.00025,64,0.99,0.95,[32.42]
2020,0.00025,64,0.99,0.95,[35.6]
2021,0.00025,64,0.99,0.95,[28.34]
2022,0.00025,64,0.99,0.95,[23.66]
2023,0.00025,64,0.99,0.95,[27.84]
2024,0.00025,64,0.99,0.95,[22.56]
