0.1,512,128,0.9,0.95,0.1,0.0,1e-05,-127.56102971583604,0.44281673431396484,5.892893436520542
0.1,512,128,0.9,0.95,0.1,0.0,1e-06,-101.70357464663684,0.5402050018310547,0.0819005376560868
0.1,512,128,0.9,0.95,0.1,0.1,1e-05,-151.4819764598389,0.4472472667694092,5.310579410776994
0.1,512,128,0.9,0.95,0.1,0.1,1e-06,-103.76306523996755,0.4414844512939453,1.733692387026558
0.1,512,128,0.9,0.95,0.1,0.01,1e-05,-103.99951959038735,0.4242517948150635,2.263347087182266
0.1,512,128,0.9,0.95,0.1,0.01,1e-06,-124.0196566618979,0.5205307006835938,0.041856407417905576
0.1,512,128,0.9,0.95,0.2,0.0,1e-05,-164.9325857172662,0.44950056076049805,5.072071629109849
0.1,512,128,0.9,0.95,0.2,0.0,1e-06,-177.3715935518936,0.44593214988708496,0.18839015967315664
0.1,512,128,0.9,0.95,0.2,0.1,1e-05,-181.10763853341342,0.42094945907592773,0.016970759853524718
0.1,512,128,0.9,0.95,0.2,0.1,1e-06,-118.28969385884702,0.41766834259033203,0.345936193082783
0.1,512,128,0.9,0.95,0.2,0.01,1e-05,-181.7644789108186,0.4564352035522461,0.08824507704938855
0.1,512,128,0.9,0.95,0.2,0.01,1e-06,-156.4165610040538,0.4551961421966553,27.15908654545715
0.1,512,128,0.9,0.95,0.3,0.0,1e-05,-142.28889171248883,0.42975664138793945,13.417264048550802
0.1,512,128,0.9,0.95,0.3,0.0,1e-06,-123.2413140013814,0.45772337913513184,0.19711685262019435
0.1,512,128,0.9,0.95,0.3,0.1,1e-05,-103.55530377204414,0.4506213665008545,1.8330561268990433
0.1,512,128,0.9,0.95,0.3,0.1,1e-06,-101.65555620971136,0.4194934368133545,0.06893189183225143
0.1,512,128,0.9,0.95,0.3,0.01,1e-05,-103.69593552708247,0.44348812103271484,1.174890783241314
0.1,512,128,0.9,0.95,0.3,0.01,1e-06,-104.51245031913277,0.4587564468383789,1.4623162681066426
0.1,512,128,0.9,0.9,0.1,0.0,1e-05,-176.99641897443217,0.46966099739074707,0.302414711444196
0.1,512,128,0.9,0.9,0.1,0.0,1e-06,-123.66004057824611,0.4365532398223877,0.19080646852586375
0.1,512,128,0.9,0.9,0.1,0.1,1e-05,-115.03697410989552,0.4388895034790039,1.3119846162086894
0.1,512,128,0.9,0.9,0.1,0.1,1e-06,-177.20572366244159,0.44678544998168945,0.27490011702861245
0.1,512,128,0.9,0.9,0.1,0.01,1e-05,-172.10820165667684,0.42314934730529785,21.54595506428743
0.1,512,128,0.9,0.9,0.1,0.01,1e-06,-153.0603866946185,0.4319636821746826,0.9242309049319717
0.1,512,128,0.9,0.9,0.2,0.0,1e-05,-177.37787968866178,0.4689352512359619,0.18958170790039316
0.1,512,128,0.9,0.9,0.2,0.0,1e-06,-168.28929542237893,0.4230520725250244,26.531537148078673
0.1,512,128,0.9,0.9,0.2,0.1,1e-05,-103.85402195234637,0.4309413433074951,1.068635217676489
0.1,512,128,0.9,0.9,0.2,0.1,1e-06,-102.54074599537998,0.4824342727661133,0.01284273068741147
0.1,512,128,0.9,0.9,0.2,0.01,1e-05,-154.88841755279572,0.49516987800598145,32.661311829017755
0.1,512,128,0.9,0.9,0.2,0.01,1e-06,-123.69866496771574,0.4226081371307373,0.21017127791277257
0.1,512,128,0.9,0.9,0.3,0.0,1e-05,-102.54129256522283,0.4629526138305664,0.02648442233964463
0.1,512,128,0.9,0.9,0.3,0.0,1e-06,-116.31370134651661,0.5225930213928223,1.562894993837073
0.1,512,128,0.9,0.9,0.3,0.1,1e-05,-127.1474698215723,0.527379035949707,0.1064714423583865
0.1,512,128,0.9,0.9,0.3,0.1,1e-06,-181.7747023355434,0.5314316749572754,0.09858796342313805
0.1,512,128,0.9,0.9,0.3,0.01,1e-05,-118.84409879171872,0.4380218982696533,8.717286612989492
0.1,512,128,0.9,0.9,0.3,0.01,1e-06,-164.99774265047162,0.47043943405151367,28.598315931841388
0.1,512,128,0.9,0.85,0.1,0.0,1e-05,-118.83167875669896,0.46963071823120117,0.6013602686309987
0.1,512,128,0.9,0.85,0.1,0.0,1e-06,-118.44499749243259,0.5155107975006104,4.997892852702199
0.1,512,128,0.9,0.85,0.1,0.1,1e-05,-164.04012547954918,0.5109155178070068,21.998350888392938
0.1,512,128,0.9,0.85,0.1,0.1,1e-06,-116.33053265986965,0.43555426597595215,8.114329787809211
0.1,512,128,0.9,0.85,0.1,0.01,1e-05,-181.7016253465841,0.46101951599121094,0.18657155268868245
0.1,512,128,0.9,0.85,0.1,0.01,1e-06,-125.55591396508389,0.4737966060638428,7.917886874432205
0.1,512,128,0.9,0.85,0.2,0.0,1e-05,-161.62841298272832,0.5460515022277832,30.462110509379073
0.1,512,128,0.9,0.85,0.2,0.0,1e-06,-101.67047956846655,0.451509952545166,0.08132823984327234
0.1,512,128,0.9,0.85,0.2,0.1,1e-05,-126.6872821798228,0.531402587890625,7.631271136445742
0.1,512,128,0.9,0.85,0.2,0.1,1e-06,-181.1213692367077,0.4612915515899658,0.014148339792805928
0.1,512,128,0.9,0.85,0.2,0.01,1e-05,-181.11064495891333,0.43972277641296387,0.017751733698129487
0.1,512,128,0.9,0.85,0.2,0.01,1e-06,-101.6878000461962,0.49906420707702637,0.08648529945163158
0.1,512,128,0.9,0.85,0.3,0.0,1e-05,-156.4723582287319,0.5410408973693848,27.209271716448576
0.1,512,128,0.9,0.85,0.3,0.0,1e-06,-181.11374658569693,0.46924734115600586,0.017297388043857696
0.1,512,128,0.9,0.85,0.3,0.1,1e-05,-115.22139855828136,0.5409436225891113,1.2097128196374396
0.1,512,128,0.9,0.85,0.3,0.1,1e-06,-177.13197569057812,0.5748288631439209,0.325373871697384
0.1,512,128,0.9,0.85,0.3,0.01,1e-05,-115.2442641850561,0.4471125602722168,1.1703859231567975
0.1,512,128,0.9,0.85,0.3,0.01,1e-06,-169.35649341084064,0.5182178020477295,27.48778144479051
0.1,512,128,0.95,0.95,0.1,0.0,1e-05,-118.61465620808303,0.4141347408294678,0.6323518957620676
0.1,512,128,0.95,0.95,0.1,0.0,1e-06,-120.01096621476609,0.45047783851623535,15.792449836672288
0.1,512,128,0.95,0.95,0.1,0.1,1e-05,-123.10128982216119,0.42046308517456055,0.17535299949940117
0.1,512,128,0.95,0.95,0.1,0.1,1e-06,-102.53667282182724,0.48641037940979004,0.01858820266184902
0.1,512,128,0.95,0.95,0.1,0.01,1e-05,-103.19451937596895,0.48667407035827637,1.4231653824965917
0.1,512,128,0.95,0.95,0.1,0.01,1e-06,-183.0021022066474,0.491668701171875,3.124435579783529
0.1,512,128,0.95,0.95,0.2,0.0,1e-05,-181.11705047041178,0.4322173595428467,0.017493009321843958
0.1,512,128,0.95,0.95,0.2,0.0,1e-06,-118.8638849902898,0.42537546157836914,0.5522289125071889
0.1,512,128,0.95,0.95,0.2,0.1,1e-05,-181.10104015395046,0.42328548431396484,0.016718403256352918
0.1,512,128,0.95,0.95,0.2,0.1,1e-06,-101.66770244538785,0.4306919574737549,0.08160874051183425
0.1,512,128,0.95,0.95,0.2,0.01,1e-05,-103.22736145068193,0.4434077739715576,1.3792384966020153
0.1,512,128,0.95,0.95,0.2,0.01,1e-06,-116.37150740679354,0.45960450172424316,0.21281937773216808
0.1,512,128,0.95,0.95,0.3,0.0,1e-05,-141.6513989550993,0.4657282829284668,32.58922022871227
0.1,512,128,0.95,0.95,0.3,0.0,1e-06,-117.64011190183665,0.45314669609069824,12.833034957409179
0.1,512,128,0.95,0.95,0.3,0.1,1e-05,-102.20719441268594,0.4384286403656006,0.42775496660823653
0.1,512,128,0.95,0.95,0.3,0.1,1e-06,-168.24504152713342,0.4424014091491699,26.644979226521443
0.1,512,128,0.95,0.95,0.3,0.01,1e-05,-102.52669466538354,0.4261281490325928,0.022390718333929263
0.1,512,128,0.95,0.95,0.3,0.01,1e-06,-115.69519733544439,0.45024657249450684,0.8148930521710492
0.1,512,128,0.95,0.9,0.1,0.0,1e-05,-161.3144173712004,0.4685370922088623,24.979492751874147
0.1,512,128,0.95,0.9,0.1,0.0,1e-06,-103.53695719690295,0.4461648464202881,1.2727260012353083
0.1,512,128,0.95,0.9,0.1,0.1,1e-05,-145.0467887364328,0.42946743965148926,26.224886431998247
0.1,512,128,0.95,0.9,0.1,0.1,1e-06,-128.0509130327031,0.4274322986602783,7.835585331458638
0.1,512,128,0.95,0.9,0.1,0.01,1e-05,-120.0138630088768,0.4381368160247803,3.8215656438001933
0.1,512,128,0.95,0.9,0.1,0.01,1e-06,-124.9057635774836,0.45645594596862793,5.032929060373717
0.1,512,128,0.95,0.9,0.2,0.0,1e-05,-113.78483062547166,0.46954345703125,1.654678085844498
0.1,512,128,0.95,0.9,0.2,0.0,1e-06,-123.0655859226761,0.4918327331542969,12.073268043383727
0.1,512,128,0.95,0.9,0.2,0.1,1e-05,-101.68631796739064,0.46125054359436035,0.08601548002274877
0.1,512,128,0.95,0.9,0.2,0.1,1e-06,-103.76984276957519,0.440413236618042,1.2263539533079935
0.1,512,128,0.95,0.9,0.2,0.01,1e-05,-123.69033546596765,0.4667999744415283,0.17807291029302305
0.1,512,128,0.95,0.9,0.2,0.01,1e-06,-126.0649962514639,0.46759700775146484,5.64104582110444
0.1,512,128,0.95,0.9,0.3,0.0,1e-05,-112.78374987152274,0.4893226623535156,5.37820249204913
0.1,512,128,0.95,0.9,0.3,0.0,1e-06,-104.11149249735755,0.5007243156433105,2.2833002459423715
0.1,512,128,0.95,0.9,0.3,0.1,1e-05,-118.66881108283997,0.46341896057128906,0.6411096232254294
0.1,512,128,0.95,0.9,0.3,0.1,1e-06,-165.00417993552983,0.4723787307739258,28.575682557827687
0.1,512,128,0.95,0.9,0.3,0.01,1e-05,-169.94479906879715,0.4526495933532715,7.471620334137108
0.1,512,128,0.95,0.9,0.3,0.01,1e-06,-126.64325748234987,0.4138457775115967,0.0752306825429795
0.1,512,128,0.95,0.85,0.1,0.0,1e-05,-127.86785609293729,0.4442403316497803,3.9306086341557376
0.1,512,128,0.95,0.85,0.1,0.0,1e-06,-156.4285004670266,0.4429302215576172,27.161303590400436
0.1,512,128,0.95,0.85,0.1,0.1,1e-05,-161.63836722392588,0.43420886993408203,30.44616857789791
0.1,512,128,0.95,0.85,0.1,0.1,1e-06,-152.35855918651214,0.4216611385345459,35.19797117807592
0.1,512,128,0.95,0.85,0.1,0.01,1e-05,-102.2864952451113,0.4356861114501953,0.5293850806212835
0.1,512,128,0.95,0.85,0.1,0.01,1e-06,-103.95269954202521,0.4386448860168457,1.096039106615002
0.1,512,128,0.95,0.85,0.2,0.0,1e-05,-136.79979878310115,0.4500865936279297,34.690795786448554
0.1,512,128,0.95,0.85,0.2,0.0,1e-06,-181.7972913513775,0.4246838092803955,0.07602495023792068
0.1,512,128,0.95,0.85,0.2,0.1,1e-05,-118.56487730480731,0.41346240043640137,0.5809927151640591
0.1,512,128,0.95,0.85,0.2,0.1,1e-06,-105.70153136048626,0.4392664432525635,0.9926025181957819
0.1,512,128,0.95,0.85,0.2,0.01,1e-05,-156.39257371975108,0.4647045135498047,27.13333510264298
0.1,512,128,0.95,0.85,0.2,0.01,1e-06,-122.36203064583242,0.44044041633605957,4.084157738552182
0.1,512,128,0.95,0.85,0.3,0.0,1e-05,-99.64653287559122,0.42282795906066895,1.9232390038192584
0.1,512,128,0.95,0.85,0.3,0.0,1e-06,-181.111406788975,0.42059922218322754,0.01934392607033125
0.1,512,128,0.95,0.85,0.3,0.1,1e-05,-127.86856155097485,0.40485239028930664,0.25484555244249707
0.1,512,128,0.95,0.85,0.3,0.1,1e-06,-107.52984033053508,0.4455850124359131,2.873802330265771
0.1,512,128,0.95,0.85,0.3,0.01,1e-05,-101.61465402804315,0.4667534828186035,0.07513306300962767
0.1,512,128,0.95,0.85,0.3,0.01,1e-06,-115.31366292815656,0.4511284828186035,1.2365303702033594
0.1,512,128,0.99,0.95,0.1,0.0,1e-05,-181.1098591171205,0.49547791481018066,0.01606521395674426
0.1,512,128,0.99,0.95,0.1,0.0,1e-06,-181.79851329285265,0.42435669898986816,0.1203588739223227
0.1,512,128,0.99,0.95,0.1,0.1,1e-05,-102.75992807555595,0.4176023006439209,0.9737315008389067
0.1,512,128,0.99,0.95,0.1,0.1,1e-06,-158.78687236178666,0.45514655113220215,12.485614821289392
0.1,512,128,0.99,0.95,0.1,0.01,1e-05,-102.60114092249424,0.40658044815063477,0.02888742079466414
0.1,512,128,0.99,0.95,0.1,0.01,1e-06,-104.18082761887926,0.4415283203125,0.9534420705103297
0.1,512,128,0.99,0.95,0.2,0.0,1e-05,-118.46640084681567,0.43567872047424316,0.8735559538757537
0.1,512,128,0.99,0.95,0.2,0.0,1e-06,-101.65252254460938,0.4357118606567383,0.06997468076312426
0.1,512,128,0.99,0.95,0.2,0.1,1e-05,-102.5261854192242,0.4626798629760742,0.022066698768616177
0.1,512,128,0.99,0.95,0.2,0.1,1e-06,-177.19041153796132,0.4525177478790283,0.31417482063322855
0.1,512,128,0.99,0.95,0.2,0.01,1e-05,-168.1971776430495,0.4331214427947998,26.729574429601232
0.1,512,128,0.99,0.95,0.2,0.01,1e-06,-181.1148675650358,0.44342827796936035,0.009655778116732612
0.1,512,128,0.99,0.95,0.3,0.0,1e-05,-156.47012275261804,0.42472004890441895,27.195378907243562
0.1,512,128,0.99,0.95,0.3,0.0,1e-06,-102.52889893529937,0.41402339935302734,0.011544788697887168
0.1,512,128,0.99,0.95,0.3,0.1,1e-05,-102.23128866662736,0.4549405574798584,0.05528444954393443
0.1,512,128,0.99,0.95,0.3,0.1,1e-06,-149.19000294172366,0.485675573348999,25.135801093829883
0.1,512,128,0.99,0.95,0.3,0.01,1e-05,-177.38808625742385,0.42152881622314453,0.17775873261064878
0.1,512,128,0.99,0.95,0.3,0.01,1e-06,-127.85222169831395,0.5851757526397705,0.2543840261274664
0.1,512,128,0.99,0.9,0.1,0.0,1e-05,-184.17391861081123,0.4883391857147217,3.225779883196231
0.1,512,128,0.99,0.9,0.1,0.0,1e-06,-127.5716476611793,0.42203712463378906,0.22438310101868794
0.1,512,128,0.99,0.9,0.1,0.1,1e-05,-103.636302734309,0.464618444442749,0.277776310689347
0.1,512,128,0.99,0.9,0.1,0.1,1e-06,-143.66148016378284,0.446429967880249,0.01500936388124618
0.1,512,128,0.99,0.9,0.1,0.01,1e-05,-177.31799521858338,0.4307546615600586,0.2628796684965398
0.1,512,128,0.99,0.9,0.1,0.01,1e-06,-157.4566959872609,0.4601280689239502,30.301964791639193
0.1,512,128,0.99,0.9,0.2,0.0,1e-05,-115.51963431797921,0.4994182586669922,1.024218733623959
0.1,512,128,0.99,0.9,0.2,0.0,1e-06,-123.84293303298473,0.5237250328063965,7.411281621985266
0.1,512,128,0.99,0.9,0.2,0.1,1e-05,-118.69600770995021,0.4852735996246338,0.619442344376316
0.1,512,128,0.99,0.9,0.2,0.1,1e-06,-125.53499567098916,0.5035507678985596,6.441410034861292
0.1,512,128,0.99,0.9,0.2,0.01,1e-05,-181.7162917050242,0.6835198402404785,0.16168723944624547
0.1,512,128,0.99,0.9,0.2,0.01,1e-06,-102.99651038493612,0.4680964946746826,1.48437385209786
0.1,512,128,0.99,0.9,0.3,0.0,1e-05,-154.31496977297357,0.5431094169616699,25.730942973890453
0.1,512,128,0.99,0.9,0.3,0.0,1e-06,-123.25838319961622,0.4407467842102051,18.88103732169732
0.1,512,128,0.99,0.9,0.3,0.1,1e-05,-181.11392356678843,0.449038028717041,0.015263327665773364
0.1,512,128,0.99,0.9,0.3,0.1,1e-06,-139.81406290440356,0.4167771339416504,25.436635898244123
0.1,512,128,0.99,0.9,0.3,0.01,1e-05,-103.91757301014786,0.4519040584564209,0.6864176869602701
0.1,512,128,0.99,0.9,0.3,0.01,1e-06,-147.64830947188892,0.4330716133117676,1.2342466903136793
0.1,512,128,0.99,0.85,0.1,0.0,1e-05,-101.67027864605188,0.4150218963623047,0.07908943320201786
0.1,512,128,0.99,0.85,0.1,0.0,1e-06,-116.7670046677813,0.4101588726043701,3.281570092776998
0.1,512,128,0.99,0.85,0.1,0.1,1e-05,-103.96428732149361,0.4533212184906006,1.1244921416018534
0.1,512,128,0.99,0.85,0.1,0.1,1e-06,-107.77234385444608,0.45365452766418457,0.8285732773525512
0.1,512,128,0.99,0.85,0.1,0.01,1e-05,-118.3070654064417,0.462660551071167,0.5080084209354967
0.1,512,128,0.99,0.85,0.1,0.01,1e-06,-110.61636344767757,0.4570643901824951,3.226897700145939
0.1,512,128,0.99,0.85,0.2,0.0,1e-05,-116.49195789354853,0.42452549934387207,7.428312763938269
0.1,512,128,0.99,0.85,0.2,0.0,1e-06,-175.59305014945568,0.48843836784362793,2.164889601184476
0.1,512,128,0.99,0.85,0.2,0.1,1e-05,-114.39045221842825,0.44283461570739746,2.61486484137456
0.1,512,128,0.99,0.85,0.2,0.1,1e-06,-126.57098527699709,0.4546945095062256,0.7771226363477473
0.1,512,128,0.99,0.85,0.2,0.01,1e-05,-101.63866131019604,0.4844827651977539,0.05495248975123555
0.1,512,128,0.99,0.85,0.2,0.01,1e-06,-184.15351421833037,0.44383692741394043,3.3811769040999025
0.1,512,128,0.99,0.85,0.3,0.0,1e-05,-157.67556949182182,0.4333066940307617,32.74813237011642
0.1,512,128,0.99,0.85,0.3,0.0,1e-06,-181.5508268350568,0.44151949882507324,0.07896568166588314
0.1,512,128,0.99,0.85,0.3,0.1,1e-05,-180.93784389048815,0.4517500400543213,0.017970705514714688
0.1,512,128,0.99,0.85,0.3,0.1,1e-06,-167.41979368883185,0.44350171089172363,22.17480941211407
0.1,512,128,0.99,0.85,0.3,0.01,1e-05,-126.11383906006813,0.48169445991516113,5.722984668392555
0.1,512,128,0.99,0.85,0.3,0.01,1e-06,-123.55981100648641,0.49828553199768066,0.3467676958118867
0.1,512,128,0.999,0.95,0.1,0.0,1e-05,-123.64632702320814,0.5493743419647217,0.19939062932189297
0.1,512,128,0.999,0.95,0.1,0.0,1e-06,-164.95102720614523,0.5270609855651855,28.658801098662543
0.1,512,128,0.999,0.95,0.1,0.1,1e-05,-111.51260810584063,0.45912957191467285,0.786744631638479
0.1,512,128,0.999,0.95,0.1,0.1,1e-06,-115.29868883490562,0.46095848083496094,0.4044253504701011
0.1,512,128,0.999,0.95,0.1,0.01,1e-05,-102.19654606434342,0.5909116268157959,0.7720904434805258
0.1,512,128,0.999,0.95,0.1,0.01,1e-06,-165.115673013404,0.5746405124664307,4.174316353733707
0.1,512,128,0.999,0.95,0.2,0.0,1e-05,-127.67173149883747,0.42462682723999023,0.2702281087329958
0.1,512,128,0.999,0.95,0.2,0.0,1e-06,-123.48129089027643,0.5181307792663574,0.43894441106799975
0.1,512,128,0.999,0.95,0.2,0.1,1e-05,-104.59364212027285,0.5640668869018555,1.9276880289698157
0.1,512,128,0.999,0.95,0.2,0.1,1e-06,-127.42789511755109,0.589775800704956,0.24076210479248472
0.1,512,128,0.999,0.95,0.2,0.01,1e-05,-127.80228667631745,0.5835180282592773,0.24878983525899634
0.1,512,128,0.999,0.95,0.2,0.01,1e-06,-102.53814378613606,0.5998306274414062,0.018554794144770976
0.1,512,128,0.999,0.95,0.3,0.0,1e-05,-112.26658781198785,0.598222017288208,1.1228865995157487
0.1,512,128,0.999,0.95,0.3,0.0,1e-06,-130.12128163706512,0.5755949020385742,8.862424289957854
0.1,512,128,0.999,0.95,0.3,0.1,1e-05,-122.6308582380414,0.5564820766448975,0.6143789285937384
0.1,512,128,0.999,0.95,0.3,0.1,1e-06,-114.8938027119264,0.6056079864501953,1.1974053884008764
0.1,512,128,0.999,0.95,0.3,0.01,1e-05,-115.5084697008133,0.6232254505157471,1.0514823268529225
0.1,512,128,0.999,0.95,0.3,0.01,1e-06,-178.32409445615485,0.6500794887542725,0.20036930991433896
0.1,512,128,0.999,0.9,0.1,0.0,1e-05,-128.33908709064127,0.4690225124359131,26.621457752787478
0.1,512,128,0.999,0.9,0.1,0.0,1e-06,-167.56069117346777,0.5288794040679932,22.249077578851523
0.1,512,128,0.999,0.9,0.1,0.1,1e-05,-115.27203112374991,0.47124433517456055,1.2237741064454013
0.1,512,128,0.999,0.9,0.1,0.1,1e-06,-149.82026437930762,0.5243985652923584,0.595868921697456
0.1,512,128,0.999,0.9,0.1,0.01,1e-05,-101.67845121112187,0.4541473388671875,0.07687470652575429
0.1,512,128,0.999,0.9,0.1,0.01,1e-06,-103.73198102822062,0.4775528907775879,1.2068657091724457
0.1,512,128,0.999,0.9,0.2,0.0,1e-05,-103.71181162911816,0.5302629470825195,1.1893401208238363
0.1,512,128,0.999,0.9,0.2,0.0,1e-06,-136.1298637245549,0.5507540702819824,0.20870625035044982
0.1,512,128,0.999,0.9,0.2,0.1,1e-05,-126.34397137016057,0.4785041809082031,5.1970659992581645
0.1,512,128,0.999,0.9,0.2,0.1,1e-06,-148.3178568380885,0.502418041229248,33.255266159324584
0.1,512,128,0.999,0.9,0.2,0.01,1e-05,-181.75447362386004,0.5335452556610107,0.17057157776953089
0.1,512,128,0.999,0.9,0.2,0.01,1e-06,-102.75836106138304,0.46639561653137207,0.10773269168765968
0.1,512,128,0.999,0.9,0.3,0.0,1e-05,-154.93893627543002,0.5170435905456543,32.553204604827485
0.1,512,128,0.999,0.9,0.3,0.0,1e-06,-103.58656232439535,0.4902045726776123,1.843039453779333
0.1,512,128,0.999,0.9,0.3,0.1,1e-05,-115.34799892436713,0.48255443572998047,1.2085091113069226
0.1,512,128,0.999,0.9,0.3,0.1,1e-06,-102.48200428560376,0.6062784194946289,0.023794865850411476
0.1,512,128,0.999,0.9,0.3,0.01,1e-05,-177.24908964980733,0.5744373798370361,0.3111818582652823
0.1,512,128,0.999,0.9,0.3,0.01,1e-06,-161.82905145222702,0.47760558128356934,4.394597387545098
0.1,512,128,0.999,0.85,0.1,0.0,1e-05,-103.71051185448887,0.5119650363922119,1.1675899601405895
0.1,512,128,0.999,0.85,0.1,0.0,1e-06,-116.3494328557048,0.5143592357635498,0.12255395563785232
0.1,512,128,0.999,0.85,0.1,0.1,1e-05,-102.5328616627492,0.5676929950714111,0.02866034577715041
0.1,512,128,0.999,0.85,0.1,0.1,1e-06,-125.65445418655872,0.5474631786346436,5.882397098278714
0.1,512,128,0.999,0.85,0.1,0.01,1e-05,-181.11040060296654,0.5865905284881592,0.015456245078721259
0.1,512,128,0.999,0.85,0.1,0.01,1e-06,-133.0895400762558,0.45399928092956543,30.88304955614206
0.1,512,128,0.999,0.85,0.2,0.0,1e-05,-177.2558867438347,0.4789402484893799,0.2730211778984873
0.1,512,128,0.999,0.85,0.2,0.0,1e-06,-102.53915361948312,0.4713401794433594,0.026012096171895357
0.1,512,128,0.999,0.85,0.2,0.1,1e-05,-175.95861379089328,0.5251049995422363,2.020441850992833
0.1,512,128,0.999,0.85,0.2,0.1,1e-06,-126.22474912852049,0.4447047710418701,6.066026795405306
0.1,512,128,0.999,0.85,0.2,0.01,1e-05,-118.4255141697824,0.5191268920898438,0.3892517074451334
0.1,512,128,0.999,0.85,0.2,0.01,1e-06,-123.08304997884989,0.5902178287506104,11.869930087307143
0.1,512,128,0.999,0.85,0.3,0.0,1e-05,-103.41107523146493,0.5449333190917969,1.2721596528262398
0.1,512,128,0.999,0.85,0.3,0.0,1e-06,-103.80585319322782,0.5895097255706787,1.6749759556894168
0.1,512,128,0.999,0.85,0.3,0.1,1e-05,-119.08060721606016,0.6097931861877441,0.1436870793661171
0.1,512,128,0.999,0.85,0.3,0.1,1e-06,-101.71112534068524,0.6148691177368164,0.08133532703696494
0.1,512,128,0.999,0.85,0.3,0.01,1e-05,-177.15283853076397,0.622929573059082,0.312913687560922
0.1,512,128,0.999,0.85,0.3,0.01,1e-06,-101.65492709586397,0.5002999305725098,0.06969702956417091
0.01,512,128,0.9,0.95,0.1,0.0,1e-05,-93.22032373273979,0.507194995880127,0.21605728646791106
0.01,512,128,0.9,0.95,0.1,0.0,1e-06,-112.09866608824123,0.5445992946624756,0.32735680808455286
0.01,512,128,0.9,0.95,0.1,0.1,1e-05,-111.59139603221993,0.5572688579559326,0.11212382114007304
0.01,512,128,0.9,0.95,0.1,0.1,1e-06,-24.65962039390579,0.5795838832855225,2.3842356862766163
0.01,512,128,0.9,0.95,0.1,0.01,1e-05,-112.21535566544625,0.5007884502410889,0.11475339114614978
0.01,512,128,0.9,0.95,0.1,0.01,1e-06,-97.50105935460014,0.5449881553649902,0.05917017301577442
0.01,512,128,0.9,0.95,0.2,0.0,1e-05,-104.91119273934855,0.5077316761016846,6.16515322636429
0.01,512,128,0.9,0.95,0.2,0.0,1e-06,-11.282427312392974,0.5963923931121826,5.53820845727684
0.01,512,128,0.9,0.95,0.2,0.1,1e-05,-106.824782027537,0.5029895305633545,12.055849603962479
0.01,512,128,0.9,0.95,0.2,0.1,1e-06,-112.28392916610471,0.5174932479858398,0.17548243341624284
0.01,512,128,0.9,0.95,0.2,0.01,1e-05,-114.92260837374997,0.5062367916107178,1.4767632360766336
0.01,512,128,0.9,0.95,0.2,0.01,1e-06,-107.69238988017824,0.5231184959411621,0.6717953940689941
0.01,512,128,0.9,0.95,0.3,0.0,1e-05,-103.5249841962941,0.49596571922302246,2.145833763959113
0.01,512,128,0.9,0.95,0.3,0.0,1e-06,-121.5902189295739,0.5600528717041016,1.415194908236808
0.01,512,128,0.9,0.95,0.3,0.1,1e-05,-119.3942240594719,0.5603365898132324,7.719856398228771
0.01,512,128,0.9,0.95,0.3,0.1,1e-06,-33.49263388470281,0.5882768630981445,4.40679106371352
0.01,512,128,0.9,0.95,0.3,0.01,1e-05,-48.74414376789937,0.5308349132537842,1.880622686996462
0.01,512,128,0.9,0.95,0.3,0.01,1e-06,-114.96251811599359,0.45943474769592285,0.6028795014583491
0.01,512,128,0.9,0.9,0.1,0.0,1e-05,-93.65196120642682,0.5301980972290039,0.1956907560599027
0.01,512,128,0.9,0.9,0.1,0.0,1e-06,-26.73659949135108,0.532965898513794,1.7929797001494476
0.01,512,128,0.9,0.9,0.1,0.1,1e-05,-111.2695586383954,0.5092241764068604,4.807448073443534
0.01,512,128,0.9,0.9,0.1,0.1,1e-06,-111.43431258606725,0.5410425662994385,0.10467090557752465
0.01,512,128,0.9,0.9,0.1,0.01,1e-05,-21.533836579820512,0.5253043174743652,1.2902922164560469
0.01,512,128,0.9,0.9,0.1,0.01,1e-06,-104.99392997173709,0.47052884101867676,5.771661127149725
0.01,512,128,0.9,0.9,0.2,0.0,1e-05,-68.74452459570747,0.5451560020446777,39.49908271841731
0.01,512,128,0.9,0.9,0.2,0.0,1e-06,-51.65552123049274,0.48737478256225586,6.536162755076187
0.01,512,128,0.9,0.9,0.2,0.1,1e-05,-77.35457988280105,0.451923131942749,50.67420907466993
0.01,512,128,0.9,0.9,0.2,0.1,1e-06,-112.85078718093209,0.4684898853302002,0.1716522599654354
0.01,512,128,0.9,0.9,0.2,0.01,1e-05,-27.108319308259524,0.49509549140930176,3.9639602701165826
0.01,512,128,0.9,0.9,0.2,0.01,1e-06,-110.38851290941238,0.46561646461486816,0.17559155356189934
0.01,512,128,0.9,0.9,0.3,0.0,1e-05,-112.16103170249554,0.490192174911499,0.13428063396673928
0.01,512,128,0.9,0.9,0.3,0.0,1e-06,-101.8966754897032,0.6300454139709473,1.1185143753806746
0.01,512,128,0.9,0.9,0.3,0.1,1e-05,-116.97209962876805,0.5605893135070801,7.018320328550784
0.01,512,128,0.9,0.9,0.3,0.1,1e-06,-112.0643273153808,0.6140861511230469,0.41936496896096764
0.01,512,128,0.9,0.9,0.3,0.01,1e-05,-95.28183707576245,0.5929362773895264,0.3525232011726021
0.01,512,128,0.9,0.9,0.3,0.01,1e-06,-40.85801733956796,0.5868377685546875,18.13397672844925
0.01,512,128,0.9,0.85,0.1,0.0,1e-05,-92.395774775045,0.4462270736694336,0.19075759387241872
0.01,512,128,0.9,0.85,0.1,0.0,1e-06,-99.57520105573292,0.5755372047424316,0.3393951088430997
0.01,512,128,0.9,0.85,0.1,0.1,1e-05,-97.54763174510882,0.56927490234375,37.21683886401336
0.01,512,128,0.9,0.85,0.1,0.1,1e-06,-94.56589581760345,0.5408265590667725,0.17504281352305487
0.01,512,128,0.9,0.85,0.1,0.01,1e-05,-105.04228631224723,0.5942513942718506,4.603922757548193
0.01,512,128,0.9,0.85,0.1,0.01,1e-06,-117.72969757431129,0.5488789081573486,1.1448212767316612
0.01,512,128,0.9,0.85,0.2,0.0,1e-05,-102.42418422156479,0.5937762260437012,0.5389016733086175
0.01,512,128,0.9,0.85,0.2,0.0,1e-06,-93.93153861000901,0.6164205074310303,0.15695309668965618
0.01,512,128,0.9,0.85,0.2,0.1,1e-05,-113.9405557420192,0.5904922485351562,4.10454784714654
0.01,512,128,0.9,0.85,0.2,0.1,1e-06,-67.62370023770491,0.566887617111206,44.544519883677545
0.01,512,128,0.9,0.85,0.2,0.01,1e-05,-17.22699579735927,0.516845703125,2.997730959545802
0.01,512,128,0.9,0.85,0.2,0.01,1e-06,-16.189192329523213,0.4548490047454834,1.9096300659089316
0.01,512,128,0.9,0.85,0.3,0.0,1e-05,-96.57329354285612,0.46784186363220215,1.2505710832524621
0.01,512,128,0.9,0.85,0.3,0.0,1e-06,-100.68349302797651,0.4969208240509033,0.9942128417195316
0.01,512,128,0.9,0.85,0.3,0.1,1e-05,-75.62501864407241,0.5581438541412354,45.3928086287746
0.01,512,128,0.9,0.85,0.3,0.1,1e-06,-115.6367470789235,0.48045897483825684,1.666006350403056
0.01,512,128,0.9,0.85,0.3,0.01,1e-05,-14.501591607958835,0.5385527610778809,5.412642182280005
0.01,512,128,0.9,0.85,0.3,0.01,1e-06,-9.21110690945061,0.45970678329467773,0.19412851315733384
0.01,512,128,0.95,0.95,0.1,0.0,1e-05,-18.14547881444887,0.4598557949066162,1.2912634846116788
0.01,512,128,0.95,0.95,0.1,0.0,1e-06,-113.04292245083488,0.4301004409790039,0.3787781956411842
0.01,512,128,0.95,0.95,0.1,0.1,1e-05,-95.46818905015024,0.5240139961242676,0.3034917818535099
0.01,512,128,0.95,0.95,0.1,0.1,1e-06,-93.82463397468965,0.5382258892059326,1.3632979005495243
0.01,512,128,0.95,0.95,0.1,0.01,1e-05,-95.42386351897149,0.5652377605438232,0.7719866095060123
0.01,512,128,0.95,0.95,0.1,0.01,1e-06,-93.19512841404503,0.5844154357910156,0.1752404555806881
0.01,512,128,0.95,0.95,0.2,0.0,1e-05,-115.25670596264244,0.5856647491455078,6.6584669684334825
0.01,512,128,0.95,0.95,0.2,0.0,1e-06,-97.61642697104689,0.5381889343261719,23.999985975144106
0.01,512,128,0.95,0.95,0.2,0.1,1e-05,-93.46331429838241,0.5571582317352295,0.21128065752235778
0.01,512,128,0.95,0.95,0.2,0.1,1e-06,-88.1728092458332,0.5838363170623779,24.09869116404613
0.01,512,128,0.95,0.95,0.2,0.01,1e-05,-99.82902608206057,0.4975306987762451,0.47665024617983154
0.01,512,128,0.95,0.95,0.2,0.01,1e-06,-121.89944163809123,0.5793418884277344,8.618002490384884
0.01,512,128,0.95,0.95,0.3,0.0,1e-05,-93.06977648512111,0.5773184299468994,2.7425771798832197
0.01,512,128,0.95,0.95,0.3,0.0,1e-06,-102.19171339927016,0.5132007598876953,24.515615284548367
0.01,512,128,0.95,0.95,0.3,0.1,1e-05,-97.41123944261054,0.5115883350372314,1.6881496247677503
0.01,512,128,0.95,0.95,0.3,0.1,1e-06,-112.39470288101583,0.5875260829925537,0.24072595838091435
0.01,512,128,0.95,0.95,0.3,0.01,1e-05,-102.3599009016878,0.5964663028717041,0.6340335976964955
0.01,512,128,0.95,0.95,0.3,0.01,1e-06,-114.92411446361803,0.5980768203735352,0.2909114237514074
0.01,512,128,0.95,0.9,0.1,0.0,1e-05,-110.94674689098755,0.5796718597412109,0.13450007862381383
0.01,512,128,0.95,0.9,0.1,0.0,1e-06,-99.94539781415733,0.5753762722015381,0.5074877220548191
0.01,512,128,0.95,0.9,0.1,0.1,1e-05,-110.81891662111084,0.5982801914215088,4.596932547061006
0.01,512,128,0.95,0.9,0.1,0.1,1e-06,-101.03555920260551,0.5818707942962646,0.9637145270098593
0.01,512,128,0.95,0.9,0.1,0.01,1e-05,-117.06620921152644,0.6372818946838379,1.8410993223314436
0.01,512,128,0.95,0.9,0.1,0.01,1e-06,-12.601739817189081,0.6200723648071289,4.460332696817184
0.01,512,128,0.95,0.9,0.2,0.0,1e-05,-111.35346341868862,0.4627196788787842,0.22822418520263832
0.01,512,128,0.95,0.9,0.2,0.0,1e-06,-109.35180306819966,0.5178701877593994,24.49886446146091
0.01,512,128,0.95,0.9,0.2,0.1,1e-05,-98.78996471449064,0.5415909290313721,8.224325426387441
0.01,512,128,0.95,0.9,0.2,0.1,1e-06,-7.695483214332489,0.6040279865264893,2.723471343143182
0.01,512,128,0.95,0.9,0.2,0.01,1e-05,-93.94065652531572,0.4386281967163086,0.2208401170446588
0.01,512,128,0.95,0.9,0.2,0.01,1e-06,-104.3338555290502,0.5122811794281006,0.482341685008996
0.01,512,128,0.95,0.9,0.3,0.0,1e-05,-63.993012197612735,0.586742639541626,36.65943703033997
0.01,512,128,0.95,0.9,0.3,0.0,1e-06,-118.629053265322,0.5083234310150146,3.4793680255738
0.01,512,128,0.95,0.9,0.3,0.1,1e-05,-104.03610260365531,0.5876288414001465,0.9825986792958461
0.01,512,128,0.95,0.9,0.3,0.1,1e-06,-82.71575861842139,0.5918030738830566,3.0443714848380026
0.01,512,128,0.95,0.9,0.3,0.01,1e-05,-96.93788812551648,0.5269501209259033,0.2904945198778821
0.01,512,128,0.95,0.9,0.3,0.01,1e-06,-1.5871862478583352,0.5474474430084229,2.2914634649678765
0.01,512,128,0.95,0.85,0.1,0.0,1e-05,-99.06243314103922,0.4728577136993408,1.5702533700863675
0.01,512,128,0.95,0.85,0.1,0.0,1e-06,-92.37868041980546,0.616814136505127,0.1197015776313335
0.01,512,128,0.95,0.85,0.1,0.1,1e-05,-29.988963310123655,0.5671195983886719,8.013772820723023
0.01,512,128,0.95,0.85,0.1,0.1,1e-06,-98.39571936283028,0.48904871940612793,0.9654531061510854
0.01,512,128,0.95,0.85,0.1,0.01,1e-05,-27.85001883199511,0.5189814567565918,32.758573623836114
0.01,512,128,0.95,0.85,0.1,0.01,1e-06,-99.62955997068202,0.4568498134613037,0.15187614221219037
0.01,512,128,0.95,0.85,0.2,0.0,1e-05,-71.45731595711618,0.566490888595581,55.09588195041411
0.01,512,128,0.95,0.85,0.2,0.0,1e-06,-102.03940192198824,0.46370959281921387,1.1334433797230365
0.01,512,128,0.95,0.85,0.2,0.1,1e-05,-114.08676888052142,0.548194169998169,1.0386975389447708
0.01,512,128,0.95,0.85,0.2,0.1,1e-06,-90.56441123829208,0.5598399639129639,8.453082633753432
0.01,512,128,0.95,0.85,0.2,0.01,1e-05,-101.83157168520556,0.5002267360687256,0.3054340224257466
0.01,512,128,0.95,0.85,0.2,0.01,1e-06,-119.56546026979849,0.5823149681091309,1.4490364672424976
0.01,512,128,0.95,0.85,0.3,0.0,1e-05,-31.757704318329708,0.5624642372131348,0.24731782494471302
0.01,512,128,0.95,0.85,0.3,0.0,1e-06,-38.38081157683864,0.4727635383605957,21.505834864119137
0.01,512,128,0.95,0.85,0.3,0.1,1e-05,-97.7819767879264,0.47124385833740234,1.4544565067077488
0.01,512,128,0.95,0.85,0.3,0.1,1e-06,-19.764951029606618,0.5517358779907227,3.9300477335324877
0.01,512,128,0.95,0.85,0.3,0.01,1e-05,-113.59965496768419,0.4527609348297119,3.3507707482083635
0.01,512,128,0.95,0.85,0.3,0.01,1e-06,-114.47731862271466,0.4873185157775879,2.284314292683171
0.01,512,128,0.99,0.95,0.1,0.0,1e-05,-112.71324246026634,0.526085376739502,0.10950814038948227
0.01,512,128,0.99,0.95,0.1,0.0,1e-06,-15.68662175670961,0.6013782024383545,3.346874424022493
0.01,512,128,0.99,0.95,0.1,0.1,1e-05,-102.66321109946875,0.48464274406433105,28.91937750184865
0.01,512,128,0.99,0.95,0.1,0.1,1e-06,-92.8102553060744,0.5724823474884033,0.20130591796320912
0.01,512,128,0.99,0.95,0.1,0.01,1e-05,-118.65644413083791,0.5719084739685059,0.1672008723051275
0.01,512,128,0.99,0.95,0.1,0.01,1e-06,-100.96477303008812,0.586256742477417,12.38663463548098
0.01,512,128,0.99,0.95,0.2,0.0,1e-05,-20.565077865001513,0.5823078155517578,6.612675329406846
0.01,512,128,0.99,0.95,0.2,0.0,1e-06,-106.64326659827493,0.4801974296569824,22.29721355571761
0.01,512,128,0.99,0.95,0.2,0.1,1e-05,-15.892022212427582,0.5503802299499512,2.7385116810122114
0.01,512,128,0.99,0.95,0.2,0.1,1e-06,-64.1663517475121,0.46728515625,39.04699797152264
0.01,512,128,0.99,0.95,0.2,0.01,1e-05,-50.56794588828707,0.49165940284729004,36.544257386428214
0.01,512,128,0.99,0.95,0.2,0.01,1e-06,-22.34166072478838,0.46532630920410156,2.6415006410699617
0.01,512,128,0.99,0.95,0.3,0.0,1e-05,-103.2988221248294,0.4341392517089844,2.217090363972132
0.01,512,128,0.99,0.95,0.3,0.0,1e-06,-56.55817654595303,0.4939854145050049,39.48521665218463
0.01,512,128,0.99,0.95,0.3,0.1,1e-05,-98.06429018983144,0.4768068790435791,1.7926861420053983
0.01,512,128,0.99,0.95,0.3,0.1,1e-06,-102.01739073675125,0.5502867698669434,2.7178793835924044
0.01,512,128,0.99,0.95,0.3,0.01,1e-05,-103.62131132442592,0.5535538196563721,0.3569314482176447
0.01,512,128,0.99,0.95,0.3,0.01,1e-06,-34.75921794427577,0.5843791961669922,30.214498781008164
0.01,512,128,0.99,0.9,0.1,0.0,1e-05,-111.47726026705932,0.5109913349151611,0.18645523623760304
0.01,512,128,0.99,0.9,0.1,0.0,1e-06,-111.99655485804251,0.5110886096954346,0.33868457280280945
0.01,512,128,0.99,0.9,0.1,0.1,1e-05,-94.84092826600173,0.5683801174163818,6.8266638028752995
0.01,512,128,0.99,0.9,0.1,0.1,1e-06,-113.06105958683183,0.5308423042297363,0.40992469252250563
0.01,512,128,0.99,0.9,0.1,0.01,1e-05,-9.627094205494359,0.599123477935791,3.656606271711881
0.01,512,128,0.99,0.9,0.1,0.01,1e-06,-93.33628577208147,0.50262451171875,0.15489857380170158
0.01,512,128,0.99,0.9,0.2,0.0,1e-05,-110.91345435271796,0.46792125701904297,0.09493220786838984
0.01,512,128,0.99,0.9,0.2,0.0,1e-06,-97.86050645357463,0.5992317199707031,0.2614492688319733
0.01,512,128,0.99,0.9,0.2,0.1,1e-05,-40.005634404008745,0.5860741138458252,37.8732495070177
0.01,512,128,0.99,0.9,0.2,0.1,1e-06,-106.72745126262308,0.5001790523529053,0.18744510543639614
0.01,512,128,0.99,0.9,0.2,0.01,1e-05,-64.36893917114185,0.4784412384033203,0.11866453294214759
0.01,512,128,0.99,0.9,0.2,0.01,1e-06,-66.1688073554611,0.4437997341156006,0.14640372469934776
0.01,512,128,0.99,0.9,0.3,0.0,1e-05,-20.1597745146777,0.476686954498291,2.7944730889553364
0.01,512,128,0.99,0.9,0.3,0.0,1e-06,-59.584093061042225,0.4391474723815918,13.307301073053349
0.01,512,128,0.99,0.9,0.3,0.1,1e-05,-113.01206390848529,0.44378018379211426,0.46241362172103856
0.01,512,128,0.99,0.9,0.3,0.1,1e-06,-18.126493043372648,0.5280296802520752,3.1722963444743155
0.01,512,128,0.99,0.9,0.3,0.01,1e-05,-45.690217790106544,0.4854121208190918,1.5910676221862081
0.01,512,128,0.99,0.9,0.3,0.01,1e-06,-96.87465577032417,0.46872639656066895,0.19745352540382
0.01,512,128,0.99,0.85,0.1,0.0,1e-05,-100.51731275152414,0.5115642547607422,11.490252764579589
0.01,512,128,0.99,0.85,0.1,0.0,1e-06,-112.22659982084178,0.5509283542633057,0.16620082028055166
0.01,512,128,0.99,0.85,0.1,0.1,1e-05,-111.0637204351835,0.5464119911193848,0.21629603772160053
0.01,512,128,0.99,0.85,0.1,0.1,1e-06,-104.37714065797627,0.6008682250976562,0.09969969276429419
0.01,512,128,0.99,0.85,0.1,0.01,1e-05,-111.45492896348442,0.6228225231170654,0.2041145702471815
0.01,512,128,0.99,0.85,0.1,0.01,1e-06,-97.16560243985877,0.6619439125061035,1.6141321689143564
0.01,512,128,0.99,0.85,0.2,0.0,1e-05,-111.42600649961386,0.6114897727966309,0.09853183288220246
0.01,512,128,0.99,0.85,0.2,0.0,1e-06,-22.76260985901599,0.633413553237915,4.599241648746123
0.01,512,128,0.99,0.85,0.2,0.1,1e-05,-101.57635248536644,0.4921395778656006,6.782100305791339
0.01,512,128,0.99,0.85,0.2,0.1,1e-06,-80.39998719323485,0.5637757778167725,27.704611848912176
0.01,512,128,0.99,0.85,0.2,0.01,1e-05,-99.35938896283042,0.47167086601257324,3.4170508581034897
0.01,512,128,0.99,0.85,0.2,0.01,1e-06,-111.54852077186806,0.5564658641815186,0.22998205861046175
0.01,512,128,0.99,0.85,0.3,0.0,1e-05,-111.00167023764224,0.5741899013519287,0.24502727211164463
0.01,512,128,0.99,0.85,0.3,0.0,1e-06,-110.79297319681646,0.5817832946777344,3.327627120498506
0.01,512,128,0.99,0.85,0.3,0.1,1e-05,-103.6323030942207,0.5822062492370605,0.17482125830342707
0.01,512,128,0.99,0.85,0.3,0.1,1e-06,-58.30260432588621,0.5957233905792236,34.867400351641855
0.01,512,128,0.99,0.85,0.3,0.01,1e-05,-113.56094962092175,0.49353671073913574,19.832956178772307
0.01,512,128,0.99,0.85,0.3,0.01,1e-06,-107.6269195461413,0.5515520572662354,11.71303410700136
0.01,512,128,0.999,0.95,0.1,0.0,1e-05,-6.18431444458547,0.5615911483764648,3.0323321750644983
0.01,512,128,0.999,0.95,0.1,0.0,1e-06,-114.10691889636219,0.48796892166137695,0.22358385623327168
0.01,512,128,0.999,0.95,0.1,0.1,1e-05,-92.72765152846114,0.5504069328308105,0.2168870028222786
0.01,512,128,0.999,0.95,0.1,0.1,1e-06,-29.186590102058837,0.5304512977600098,3.5150723566895725
0.01,512,128,0.999,0.95,0.1,0.01,1e-05,-112.19668286908127,0.45229434967041016,7.3959173219888985
0.01,512,128,0.999,0.95,0.1,0.01,1e-06,-122.69019438773394,0.5091137886047363,0.318446909296762
0.01,512,128,0.999,0.95,0.2,0.0,1e-05,-96.01643891139756,0.5707688331604004,1.1927906718753947
0.01,512,128,0.999,0.95,0.2,0.0,1e-06,-95.90343974664852,0.5419776439666748,1.210690675739715
0.01,512,128,0.999,0.95,0.2,0.1,1e-05,-96.36981648735237,0.5995135307312012,1.1310417179792605
0.01,512,128,0.999,0.95,0.2,0.1,1e-06,-105.18530913399009,0.5500900745391846,23.1385261080323
0.01,512,128,0.999,0.95,0.2,0.01,1e-05,-17.355795276693243,0.5069642066955566,8.714442235264615
0.01,512,128,0.999,0.95,0.2,0.01,1e-06,-93.4288869623546,0.5219526290893555,0.9779008893527383
0.01,512,128,0.999,0.95,0.3,0.0,1e-05,-114.62201750242384,0.5195982456207275,24.350746248866535
0.01,512,128,0.999,0.95,0.3,0.0,1e-06,-93.23236336870177,0.5032262802124023,33.70192149452225
0.01,512,128,0.999,0.95,0.3,0.1,1e-05,-114.71241132427545,0.46185779571533203,10.930692753892469
0.01,512,128,0.999,0.95,0.3,0.1,1e-06,-42.663674294296655,0.5790550708770752,4.802339506964093
0.01,512,128,0.999,0.95,0.3,0.01,1e-05,-99.1992015529191,0.4956214427947998,0.19980157334227658
0.01,512,128,0.999,0.95,0.3,0.01,1e-06,-29.368764380473475,0.5095839500427246,5.438431156578667
0.01,512,128,0.999,0.9,0.1,0.0,1e-05,-97.17000348418078,0.4434809684753418,40.12812561957727
0.01,512,128,0.999,0.9,0.1,0.0,1e-06,-100.81112477174648,0.5160982608795166,0.23804051481844457
0.01,512,128,0.999,0.9,0.1,0.1,1e-05,-117.00938220387616,0.5297479629516602,6.55510069912257
0.01,512,128,0.999,0.9,0.1,0.1,1e-06,-113.2668092461303,0.5379908084869385,0.18849336687359836
0.01,512,128,0.999,0.9,0.1,0.01,1e-05,-112.23424186490301,0.5793838500976562,0.10707428714304826
0.01,512,128,0.999,0.9,0.1,0.01,1e-06,-23.837389225373773,0.558234691619873,0.22604610042300105
0.01,512,128,0.999,0.9,0.2,0.0,1e-05,-114.10381672922522,0.4716639518737793,0.3577970980969704
0.01,512,128,0.999,0.9,0.2,0.0,1e-06,-22.583901668906037,0.5457673072814941,3.7635809741401665
0.01,512,128,0.999,0.9,0.2,0.1,1e-05,-105.43669535773661,0.4833040237426758,2.2453043630931955
0.01,512,128,0.999,0.9,0.2,0.1,1e-06,-95.85102280196733,0.5038042068481445,0.28171849994237114
0.01,512,128,0.999,0.9,0.2,0.01,1e-05,-26.869689638370254,0.542797327041626,9.07713062924077
0.01,512,128,0.999,0.9,0.2,0.01,1e-06,-112.08314231038676,0.4474329948425293,0.42406991851683407
0.01,512,128,0.999,0.9,0.3,0.0,1e-05,-96.60009007885819,0.48415708541870117,0.2604508660949824
0.01,512,128,0.999,0.9,0.3,0.0,1e-06,-83.44547158685891,0.5619816780090332,1.9645611326310428
0.01,512,128,0.999,0.9,0.3,0.1,1e-05,-31.329949053892506,0.46043992042541504,1.248866914080162
0.01,512,128,0.999,0.9,0.3,0.1,1e-06,-53.0210906938737,0.46826672554016113,13.558932290388178
0.01,512,128,0.999,0.9,0.3,0.01,1e-05,-28.60179069235419,0.4842798709869385,0.7258249320984175
0.01,512,128,0.999,0.9,0.3,0.01,1e-06,-47.794464871774835,0.48877573013305664,25.560719576226486
0.01,512,128,0.999,0.85,0.1,0.0,1e-05,-115.55562809302356,0.4654052257537842,8.278090266799218
0.01,512,128,0.999,0.85,0.1,0.0,1e-06,-92.52044915603419,0.4995114803314209,0.13004740030843195
0.01,512,128,0.999,0.85,0.1,0.1,1e-05,-85.9491102110267,0.5787320137023926,15.830066630696495
0.01,512,128,0.999,0.85,0.1,0.1,1e-06,-112.18855812065303,0.4977853298187256,0.10142086719830413
0.01,512,128,0.999,0.85,0.1,0.01,1e-05,-111.27661492092739,0.5310420989990234,0.06082482650209202
0.01,512,128,0.999,0.85,0.1,0.01,1e-06,-99.54557007010189,0.5553829669952393,0.8622399288817807
0.01,512,128,0.999,0.85,0.2,0.0,1e-05,-115.62495635572705,0.6125283241271973,3.2134676445274892
0.01,512,128,0.999,0.85,0.2,0.0,1e-06,-42.80874919148046,0.5338525772094727,2.7487676983405875
0.01,512,128,0.999,0.85,0.2,0.1,1e-05,-117.81881036635022,0.4592711925506592,0.4181725271223447
0.01,512,128,0.999,0.85,0.2,0.1,1e-06,-103.3249628563819,0.5059926509857178,0.8755055220631132
0.01,512,128,0.999,0.85,0.2,0.01,1e-05,-40.77983800177317,0.598102331161499,3.2999603653871064
0.01,512,128,0.999,0.85,0.2,0.01,1e-06,-95.89513501415786,0.4714362621307373,0.977783676159347
0.01,512,128,0.999,0.85,0.3,0.0,1e-05,-89.25012870155915,0.5308451652526855,24.914891097766628
0.01,512,128,0.999,0.85,0.3,0.0,1e-06,-109.57190700387582,0.49815940856933594,1.6096484038370897
0.01,512,128,0.999,0.85,0.3,0.1,1e-05,-81.66247583308723,0.5572242736816406,28.195815195511056
0.01,512,128,0.999,0.85,0.3,0.1,1e-06,-97.74878675121253,0.5465614795684814,1.964810458126511
0.01,512,128,0.999,0.85,0.3,0.01,1e-05,-95.64893853878603,0.5853729248046875,0.18614082584941882
0.01,512,128,0.999,0.85,0.3,0.01,1e-06,-83.96269138984789,0.6066360473632812,23.30541965525169
0.001,512,128,0.9,0.95,0.1,0.0,1e-05,-92.47614739081764,0.5286946296691895,0.10225000741923944
0.001,512,128,0.9,0.95,0.1,0.0,1e-06,-92.03974054352292,0.572124719619751,0.08061892366062423
0.001,512,128,0.9,0.95,0.1,0.1,1e-05,-112.52050254018977,0.6044313907623291,0.14946301999429934
0.001,512,128,0.9,0.95,0.1,0.1,1e-06,-92.11103657197127,0.623187780380249,0.1580413027598184
0.001,512,128,0.9,0.95,0.1,0.01,1e-05,-94.08351246886158,0.6358158588409424,0.27568830665955724
0.001,512,128,0.9,0.95,0.1,0.01,1e-06,-3.07895792313102,0.6313292980194092,1.9781556885299056
0.001,512,128,0.9,0.95,0.2,0.0,1e-05,-65.52043167707416,0.5058877468109131,49.15022835391751
0.001,512,128,0.9,0.95,0.2,0.0,1e-06,-99.8484332792752,0.5240528583526611,0.8420606847601687
0.001,512,128,0.9,0.95,0.2,0.1,1e-05,-10.627653684882716,0.5908210277557373,4.522659467462816
0.001,512,128,0.9,0.95,0.2,0.1,1e-06,-111.39668438625522,0.5282683372497559,0.11237237214162375
0.001,512,128,0.9,0.95,0.2,0.01,1e-05,-90.82006039032713,0.5158970355987549,32.71074553855933
0.001,512,128,0.9,0.95,0.2,0.01,1e-06,-109.98592686800075,0.6077334880828857,4.507017185853239
0.001,512,128,0.9,0.95,0.3,0.0,1e-05,-54.286000591426365,0.6433148384094238,37.45795207088078
0.001,512,128,0.9,0.95,0.3,0.0,1e-06,-96.70242988001556,0.4816269874572754,1.4523165595895084
0.001,512,128,0.9,0.95,0.3,0.1,1e-05,-102.3610965040978,0.5822296142578125,29.71824233957023
0.001,512,128,0.9,0.95,0.3,0.1,1e-06,-94.16042137048207,0.4770047664642334,0.36687158880011794
0.001,512,128,0.9,0.95,0.3,0.01,1e-05,-92.90681573314069,0.553586483001709,0.23223697881370425
0.001,512,128,0.9,0.95,0.3,0.01,1e-06,-58.10397611866315,0.5474660396575928,40.84693921469626
0.001,512,128,0.9,0.9,0.1,0.0,1e-05,-95.13795697457681,0.46555256843566895,2.949658700269661
0.001,512,128,0.9,0.9,0.1,0.0,1e-06,-108.44378611500724,0.5153393745422363,8.40858525735165
0.001,512,128,0.9,0.9,0.1,0.1,1e-05,-92.66179504720931,0.6214456558227539,0.1831149627499358
0.001,512,128,0.9,0.9,0.1,0.1,1e-06,-112.33167545015458,0.6009693145751953,0.08903232872414908
0.001,512,128,0.9,0.9,0.1,0.01,1e-05,-30.47006372904689,0.6647524833679199,31.12037796298794
0.001,512,128,0.9,0.9,0.1,0.01,1e-06,-108.08011620158213,0.4945187568664551,5.64055959155973
0.001,512,128,0.9,0.9,0.2,0.0,1e-05,-118.2577115182532,0.5744459629058838,0.4970789417038354
0.001,512,128,0.9,0.9,0.2,0.0,1e-06,-100.49762884553456,0.5940096378326416,0.29835315081860875
0.001,512,128,0.9,0.9,0.2,0.1,1e-05,-107.11262657200277,0.5856940746307373,8.858519829388634
0.001,512,128,0.9,0.9,0.2,0.1,1e-06,-112.3906325972639,0.558732271194458,0.1416870148664863
0.001,512,128,0.9,0.9,0.2,0.01,1e-05,-109.89015114828945,0.6024298667907715,0.11179140444103379
0.001,512,128,0.9,0.9,0.2,0.01,1e-06,-9.403124764314544,0.5987472534179688,1.9654448228429635
0.001,512,128,0.9,0.9,0.3,0.0,1e-05,-112.31155970788095,0.4426124095916748,0.16987186940828958
0.001,512,128,0.9,0.9,0.3,0.0,1e-06,-101.18978322521416,0.5364956855773926,0.07640486353475202
0.001,512,128,0.9,0.9,0.3,0.1,1e-05,-111.2127947627101,0.5830717086791992,0.9876121914574236
0.001,512,128,0.9,0.9,0.3,0.1,1e-06,-92.43994914647192,0.5522727966308594,0.8041548437887894
0.001,512,128,0.9,0.9,0.3,0.01,1e-05,-46.79993620491132,0.5778419971466064,43.03772551514288
0.001,512,128,0.9,0.9,0.3,0.01,1e-06,-96.88022455113824,0.4643988609313965,0.3551623681276117
0.001,512,128,0.9,0.85,0.1,0.0,1e-05,-92.33405736461864,0.5780994892120361,0.4122959036163973
0.001,512,128,0.9,0.85,0.1,0.0,1e-06,-92.73804573481902,0.580836296081543,0.22010509323271618
0.001,512,128,0.9,0.85,0.1,0.1,1e-05,-97.86630890392698,0.58518385887146,0.5633903079952834
0.001,512,128,0.9,0.85,0.1,0.1,1e-06,-84.98166471901695,0.5924243927001953,25.440513938260473
0.001,512,128,0.9,0.85,0.1,0.01,1e-05,-92.80343092433176,0.620187520980835,0.0799084743871691
0.001,512,128,0.9,0.85,0.1,0.01,1e-06,-101.07493483368872,0.6127519607543945,3.589498739065149
0.001,512,128,0.9,0.85,0.2,0.0,1e-05,-112.14687717780471,0.5881052017211914,0.06142383800231515
0.001,512,128,0.9,0.85,0.2,0.0,1e-06,-6.503547924570739,0.6095209121704102,0.4025673875411651
0.001,512,128,0.9,0.85,0.2,0.1,1e-05,-92.52582780460652,0.49168944358825684,0.14913349940567353
0.001,512,128,0.9,0.85,0.2,0.1,1e-06,-106.0655110444175,0.5290822982788086,0.18640390626678283
0.001,512,128,0.9,0.85,0.2,0.01,1e-05,-92.70122862733714,0.6079308986663818,0.21286597446996153
0.001,512,128,0.9,0.85,0.2,0.01,1e-06,-69.72150854987486,0.5879998207092285,37.9426289125761
0.001,512,128,0.9,0.85,0.3,0.0,1e-05,-100.30003303585109,0.4889373779296875,31.20218548007882
0.001,512,128,0.9,0.85,0.3,0.0,1e-06,-96.88826757862407,0.5765542984008789,5.509588596466576
0.001,512,128,0.9,0.85,0.3,0.1,1e-05,-22.184864559552807,0.5757579803466797,1.5313653015261486
0.001,512,128,0.9,0.85,0.3,0.1,1e-06,-93.16208328865469,0.4678761959075928,0.07488400610394469
0.001,512,128,0.9,0.85,0.3,0.01,1e-05,-93.71174033821299,0.49995899200439453,0.259734651489827
0.001,512,128,0.9,0.85,0.3,0.01,1e-06,-111.41076792192544,0.5744192600250244,0.274037589586516
0.001,512,128,0.95,0.95,0.1,0.0,1e-05,-112.04614662303356,0.5987911224365234,0.18547553197830616
0.001,512,128,0.95,0.95,0.1,0.0,1e-06,-92.37159012636985,0.5567350387573242,0.3633223935734495
0.001,512,128,0.95,0.95,0.1,0.1,1e-05,-7.772930379013997,0.5457100868225098,3.2301816036885245
0.001,512,128,0.95,0.95,0.1,0.1,1e-06,-30.402832679520362,0.4578430652618408,40.85476532087222
0.001,512,128,0.95,0.95,0.1,0.01,1e-05,-99.74673599612689,0.47701287269592285,0.036526173035750696
0.001,512,128,0.95,0.95,0.1,0.01,1e-06,-111.8402906452422,0.5241799354553223,0.14286706475266323
0.001,512,128,0.95,0.95,0.2,0.0,1e-05,-117.95557978134602,0.5517220497131348,0.3052431493622408
0.001,512,128,0.95,0.95,0.2,0.0,1e-06,-118.9899533708929,0.5780782699584961,0.20527440270960573
0.001,512,128,0.95,0.95,0.2,0.1,1e-05,-110.98789496595491,0.5661430358886719,0.09604650191301327
0.001,512,128,0.95,0.95,0.2,0.1,1e-06,-92.56666627266677,0.5585167407989502,0.30875074258292334
0.001,512,128,0.95,0.95,0.2,0.01,1e-05,-92.63766941671983,0.5965352058410645,39.79832563847349
0.001,512,128,0.95,0.95,0.2,0.01,1e-06,-110.16367629603482,0.5436334609985352,0.6611877560332883
0.001,512,128,0.95,0.95,0.3,0.0,1e-05,-110.88968339754501,0.5309023857116699,0.1774342085260361
0.001,512,128,0.95,0.95,0.3,0.0,1e-06,-93.51577052045613,0.6302042007446289,0.11145245252484412
0.001,512,128,0.95,0.95,0.3,0.1,1e-05,-21.30916787295282,0.6499679088592529,2.5818664553765562
0.001,512,128,0.95,0.95,0.3,0.1,1e-06,-31.947761131767766,0.44659924507141113,4.112484125636607
0.001,512,128,0.95,0.95,0.3,0.01,1e-05,-87.83139619190479,0.47989320755004883,43.934499348454075
0.001,512,128,0.95,0.95,0.3,0.01,1e-06,-119.00017327088862,0.4951601028442383,0.4694476286569634
0.001,512,128,0.95,0.9,0.1,0.0,1e-05,-10.937229953998758,0.5895912647247314,1.66380804021571
0.001,512,128,0.95,0.9,0.1,0.0,1e-06,-91.55773159443598,0.4871649742126465,0.09334859776265231
0.001,512,128,0.95,0.9,0.1,0.1,1e-05,-96.71534996892323,0.5108020305633545,3.0298434844625755
0.001,512,128,0.95,0.9,0.1,0.1,1e-06,-92.76014220470388,0.5116848945617676,0.09200641525530365
0.001,512,128,0.95,0.9,0.1,0.01,1e-05,-70.75574594401988,0.5248992443084717,50.35153997684358
0.001,512,128,0.95,0.9,0.1,0.01,1e-06,-101.03935698422046,0.44854283332824707,0.15221427463281528
0.001,512,128,0.95,0.9,0.2,0.0,1e-05,-112.04473522161133,0.5628354549407959,0.7084028758590951
0.001,512,128,0.95,0.9,0.2,0.0,1e-06,-73.50060228737925,0.5878739356994629,39.47796084537331
0.001,512,128,0.95,0.9,0.2,0.1,1e-05,-100.4028013556158,0.49387383460998535,0.09810734781026412
0.001,512,128,0.95,0.9,0.2,0.1,1e-06,-113.0137414949946,0.5414493083953857,0.5776131765481548
0.001,512,128,0.95,0.9,0.2,0.01,1e-05,-100.01955406591878,0.5649442672729492,0.6975786795822257
0.001,512,128,0.95,0.9,0.2,0.01,1e-06,-99.1086539920432,0.5718119144439697,30.172324176330882
0.001,512,128,0.95,0.9,0.3,0.0,1e-05,-112.07443760221358,0.5450167655944824,0.10093517419260883
0.001,512,128,0.95,0.9,0.3,0.0,1e-06,-95.59940164455438,0.5381486415863037,0.3684646889394304
0.001,512,128,0.95,0.9,0.3,0.1,1e-05,-113.78071979116649,0.5676925182342529,0.2240129036658692
0.001,512,128,0.95,0.9,0.3,0.1,1e-06,-112.03329483618072,0.5971903800964355,0.7180932714362093
0.001,512,128,0.95,0.9,0.3,0.01,1e-05,-92.7603959633736,0.6776657104492188,0.10430559834465271
0.001,512,128,0.95,0.9,0.3,0.01,1e-06,-107.23853351557628,0.6489071846008301,31.39671266687846
0.001,512,128,0.95,0.85,0.1,0.0,1e-05,-110.71888102404773,0.5783321857452393,0.09376766069998979
0.001,512,128,0.95,0.85,0.1,0.0,1e-06,-92.27145714363868,0.6467859745025635,0.12518780501558627
0.001,512,128,0.95,0.85,0.1,0.1,1e-05,-92.44284246354364,0.6154494285583496,0.156920913318616
0.001,512,128,0.95,0.85,0.1,0.1,1e-06,-100.23851576439665,0.5972867012023926,0.07590666601686603
0.001,512,128,0.95,0.85,0.1,0.01,1e-05,-91.53098354719478,0.5507900714874268,0.060883319277161306
0.001,512,128,0.95,0.85,0.1,0.01,1e-06,-92.73639659706605,0.5665302276611328,0.3363185003740386
0.001,512,128,0.95,0.85,0.2,0.0,1e-05,-102.87542098996656,0.5518934726715088,4.899249721176059
0.001,512,128,0.95,0.85,0.2,0.0,1e-06,-73.77390079880661,0.6016528606414795,37.870773264941676
0.001,512,128,0.95,0.85,0.2,0.1,1e-05,-113.7030067330692,0.5114519596099854,0.75146719259939
0.001,512,128,0.95,0.85,0.2,0.1,1e-06,-19.157143611496576,0.5489180088043213,0.1318922826811571
0.001,512,128,0.95,0.85,0.2,0.01,1e-05,-14.79255974727639,0.4800717830657959,0.8294463769556408
0.001,512,128,0.95,0.85,0.2,0.01,1e-06,-110.85627461858094,0.4498116970062256,0.09970617542874903
0.001,512,128,0.95,0.85,0.3,0.0,1e-05,-110.99994797706604,0.5347740650177002,0.5802120106552464
0.001,512,128,0.95,0.85,0.3,0.0,1e-06,-108.80099786808714,0.5905072689056396,8.075106122522119
0.001,512,128,0.95,0.85,0.3,0.1,1e-05,-92.64764695140184,0.6112627983093262,0.22518325926181693
0.001,512,128,0.95,0.85,0.3,0.1,1e-06,-106.31159704178572,0.5887806415557861,0.1249673785611002
0.001,512,128,0.95,0.85,0.3,0.01,1e-05,-99.54232148204046,0.5587794780731201,0.8841312258868715
0.001,512,128,0.95,0.85,0.3,0.01,1e-06,-13.144194563171187,0.5681540966033936,3.8141145087120507
0.001,512,128,0.99,0.95,0.1,0.0,1e-05,-99.7314757621516,0.46621036529541016,11.356681737924076
0.001,512,128,0.99,0.95,0.1,0.0,1e-06,-91.92554825736025,0.5632390975952148,0.07741461556761653
0.001,512,128,0.99,0.95,0.1,0.1,1e-05,-111.44296842734911,0.5385851860046387,0.14210944073522241
0.001,512,128,0.99,0.95,0.1,0.1,1e-06,1.5726277026784374,0.5709710121154785,0.3072594053607175
0.001,512,128,0.99,0.95,0.1,0.01,1e-05,-111.60026800730266,0.5021927356719971,0.16563213894308493
0.001,512,128,0.99,0.95,0.1,0.01,1e-06,-111.51776425226126,0.51255202293396,0.15137187869491645
0.001,512,128,0.99,0.95,0.2,0.0,1e-05,-12.656916946312412,0.5796382427215576,1.5670892451636236
0.001,512,128,0.99,0.95,0.2,0.0,1e-06,-117.11731653320604,0.5085880756378174,0.15637468733435073
0.001,512,128,0.99,0.95,0.2,0.1,1e-05,-15.467350241057101,0.5345995426177979,1.53594729816415
0.001,512,128,0.99,0.95,0.2,0.1,1e-06,-112.10047745434568,0.44803285598754883,0.17702668340206923
0.001,512,128,0.99,0.95,0.2,0.01,1e-05,-12.376138390343112,0.5366997718811035,0.07752393841404683
0.001,512,128,0.99,0.95,0.2,0.01,1e-06,-94.06211068910034,0.4835679531097412,0.14468318572215655
0.001,512,128,0.99,0.95,0.3,0.0,1e-05,-112.51806677724235,0.5380692481994629,0.27486488451359437
0.001,512,128,0.99,0.95,0.3,0.0,1e-06,-96.01419570224098,0.5635850429534912,1.3824354511263381
0.001,512,128,0.99,0.95,0.3,0.1,1e-05,-85.86289277847682,0.5579440593719482,24.553570562236818
0.001,512,128,0.99,0.95,0.3,0.1,1e-06,-93.1676190584898,0.5517385005950928,0.10861460506257165
0.001,512,128,0.99,0.95,0.3,0.01,1e-05,-10.17490028786924,0.5603129863739014,4.195836687327855
0.001,512,128,0.99,0.95,0.3,0.01,1e-06,-112.13735322400461,0.43875670433044434,0.09243716577537756
0.001,512,128,0.99,0.9,0.1,0.0,1e-05,-110.62264415840619,0.5112369060516357,10.366463445643229
0.001,512,128,0.99,0.9,0.1,0.0,1e-06,-111.8454673629254,0.5400080680847168,0.17465795215721763
0.001,512,128,0.99,0.9,0.1,0.1,1e-05,-92.8113674666849,0.590623140335083,0.17002801825515437
0.001,512,128,0.99,0.9,0.1,0.1,1e-06,-112.2029584856762,0.5790889263153076,1.1741152976419356
0.001,512,128,0.99,0.9,0.1,0.01,1e-05,-91.88652872933899,0.592797040939331,0.06155630878255527
0.001,512,128,0.99,0.9,0.1,0.01,1e-06,-118.36281292064378,0.5874671936035156,0.4270493728706955
0.001,512,128,0.99,0.9,0.2,0.0,1e-05,-110.38332793719019,0.6004409790039062,0.15992985935943896
0.001,512,128,0.99,0.9,0.2,0.0,1e-06,-112.57353984764777,0.6208963394165039,0.19408076370883953
0.001,512,128,0.99,0.9,0.2,0.1,1e-05,-46.64357916417539,0.6366658210754395,45.76485294776938
0.001,512,128,0.99,0.9,0.2,0.1,1e-06,-111.18927077022381,0.46884703636169434,0.1048553745110752
0.001,512,128,0.99,0.9,0.2,0.01,1e-05,-112.11185640784097,0.5889754295349121,0.22688826983310376
0.001,512,128,0.99,0.9,0.2,0.01,1e-06,-111.73514112252742,0.5966932773590088,0.10160785928248463
0.001,512,128,0.99,0.9,0.3,0.0,1e-05,-112.75256900641762,0.5870897769927979,0.1181251827399477
0.001,512,128,0.99,0.9,0.3,0.0,1e-06,-12.813458400838135,0.6010253429412842,3.5878780906948227
0.001,512,128,0.99,0.9,0.3,0.1,1e-05,-93.9369265816058,0.45940089225769043,0.5347851445483954
0.001,512,128,0.99,0.9,0.3,0.1,1e-06,-121.025988066227,0.5323045253753662,0.7968638936718153
0.001,512,128,0.99,0.9,0.3,0.01,1e-05,-113.04748521698639,0.6161000728607178,0.11753035463749115
0.001,512,128,0.99,0.9,0.3,0.01,1e-06,-111.50998239837354,0.5530402660369873,0.12132853619613453
0.001,512,128,0.99,0.85,0.1,0.0,1e-05,-111.63342739688233,0.5672307014465332,0.12985312880147654
0.001,512,128,0.99,0.85,0.1,0.0,1e-06,-111.97046980887099,0.66864013671875,0.14161902313351796
0.001,512,128,0.99,0.85,0.1,0.1,1e-05,-112.10409501942922,0.624016523361206,0.12258489961773703
0.001,512,128,0.99,0.85,0.1,0.1,1e-06,-75.09851846299179,0.6373434066772461,53.6507621763716
0.001,512,128,0.99,0.85,0.1,0.01,1e-05,-98.8267544461808,0.507401704788208,1.5872919616052446
0.001,512,128,0.99,0.85,0.1,0.01,1e-06,-111.56593971954426,0.5531041622161865,0.14412427595581642
0.001,512,128,0.99,0.85,0.2,0.0,1e-05,-118.79632748659932,0.5860474109649658,0.6421445410988931
0.001,512,128,0.99,0.85,0.2,0.0,1e-06,-116.03299497812986,0.5542433261871338,0.3731225467348201
0.001,512,128,0.99,0.85,0.2,0.1,1e-05,-112.24256376203557,0.6401228904724121,3.4988687106688303
0.001,512,128,0.99,0.85,0.2,0.1,1e-06,-92.40567288529128,0.648576021194458,0.14883680372866714
0.001,512,128,0.99,0.85,0.2,0.01,1e-05,-15.9233283934911,0.5663695335388184,1.6446790662134259
0.001,512,128,0.99,0.85,0.2,0.01,1e-06,-97.42191512477457,0.4738352298736572,0.34415253571945675
0.001,512,128,0.99,0.85,0.3,0.0,1e-05,-111.07681183372624,0.5779561996459961,0.18379285961702496
0.001,512,128,0.99,0.85,0.3,0.0,1e-06,-111.08618615187952,0.5853495597839355,0.28135916387328536
0.001,512,128,0.99,0.85,0.3,0.1,1e-05,-93.59348291324496,0.5942556858062744,0.17432644508331918
0.001,512,128,0.99,0.85,0.3,0.1,1e-06,-18.967486234885293,0.5708167552947998,27.114379217422393
0.001,512,128,0.99,0.85,0.3,0.01,1e-05,-110.8723938130075,0.4809224605560303,0.15903675786256402
0.001,512,128,0.99,0.85,0.3,0.01,1e-06,-92.71405749402474,0.49962925910949707,0.13310631132759954
0.001,512,128,0.999,0.95,0.1,0.0,1e-05,-12.266791749374715,0.6005597114562988,33.628490319083916
0.001,512,128,0.999,0.95,0.1,0.0,1e-06,-101.28587426527284,0.48246026039123535,3.749876194329206
0.001,512,128,0.999,0.95,0.1,0.1,1e-05,-91.85409016566118,0.6278705596923828,0.17364577913318632
0.001,512,128,0.999,0.95,0.1,0.1,1e-06,-42.459590092003225,0.5808043479919434,49.43799981429501
0.001,512,128,0.999,0.95,0.1,0.01,1e-05,-104.5762339094249,0.46223926544189453,5.509228509408591
0.001,512,128,0.999,0.95,0.1,0.01,1e-06,-102.51456241523483,0.5635652542114258,12.775577835438241
0.001,512,128,0.999,0.95,0.2,0.0,1e-05,-69.56438932516467,0.7339653968811035,52.14791577548589
0.001,512,128,0.999,0.95,0.2,0.0,1e-06,-111.3666155101877,0.5562417507171631,0.23885075245148604
0.001,512,128,0.999,0.95,0.2,0.1,1e-05,-83.30188986638932,0.5563309192657471,35.705228345304704
0.001,512,128,0.999,0.95,0.2,0.1,1e-06,-48.25270722988698,0.5407967567443848,42.01172255068526
0.001,512,128,0.999,0.95,0.2,0.01,1e-05,-92.16867882635343,0.48767876625061035,0.08085915701639378
0.001,512,128,0.999,0.95,0.2,0.01,1e-06,-92.15699227737495,0.5470907688140869,0.05110861727787794
0.001,512,128,0.999,0.95,0.3,0.0,1e-05,-92.34591794537846,0.5427854061126709,0.3110244011326092
0.001,512,128,0.999,0.95,0.3,0.0,1e-06,-110.2413218190195,0.6583304405212402,4.7327961626063075
0.001,512,128,0.999,0.95,0.3,0.1,1e-05,-104.13053638725759,0.676990270614624,8.969241471880904
0.001,512,128,0.999,0.95,0.3,0.1,1e-06,-117.35405221852488,0.5817193984985352,0.7300506173987917
0.001,512,128,0.999,0.95,0.3,0.01,1e-05,-2.5430435544567445,0.48607444763183594,1.558118960415338
0.001,512,128,0.999,0.95,0.3,0.01,1e-06,-92.90772479618299,0.4519083499908447,0.06846339106084058
0.001,512,128,0.999,0.9,0.1,0.0,1e-05,-91.94217527523242,0.4970893859863281,0.05581717121392608
0.001,512,128,0.999,0.9,0.1,0.0,1e-06,-10.42304787248504,0.5349321365356445,2.307780191885914
0.001,512,128,0.999,0.9,0.1,0.1,1e-05,-92.64734299685806,0.5025177001953125,0.198200796998083
0.001,512,128,0.999,0.9,0.1,0.1,1e-06,-92.89318498969078,0.5354928970336914,0.07888746307870058
0.001,512,128,0.999,0.9,0.1,0.01,1e-05,-92.49505392081919,0.49799513816833496,0.2278117762034838
0.001,512,128,0.999,0.9,0.1,0.01,1e-06,-111.70003560772166,0.7174603939056396,0.21066526643299
0.001,512,128,0.999,0.9,0.2,0.0,1e-05,-5.733227480722417,0.7824525833129883,0.9853239827255024
0.001,512,128,0.999,0.9,0.2,0.0,1e-06,-93.23406089255238,0.7698631286621094,0.08366718208874166
0.001,512,128,0.999,0.9,0.2,0.1,1e-05,-12.807153076569193,0.6166412830352783,3.878618249791683
0.001,512,128,0.999,0.9,0.2,0.1,1e-06,-92.53992330522742,0.5050406455993652,0.11437032508802326
0.001,512,128,0.999,0.9,0.2,0.01,1e-05,-111.90940340708767,0.5293998718261719,0.37503628276385115
0.001,512,128,0.999,0.9,0.2,0.01,1e-06,-111.31956030279397,0.5357320308685303,0.17614029077312254
0.001,512,128,0.999,0.9,0.3,0.0,1e-05,-92.70352305762427,0.5936851501464844,0.09727683311580584
0.001,512,128,0.999,0.9,0.3,0.0,1e-06,-102.7372115579652,0.560039758682251,2.6953131365422704
0.001,512,128,0.999,0.9,0.3,0.1,1e-05,-28.92477834215824,0.6090219020843506,28.152317307285628
0.001,512,128,0.999,0.9,0.3,0.1,1e-06,-112.19336716871476,0.49023008346557617,0.3686169934010401
0.001,512,128,0.999,0.9,0.3,0.01,1e-05,-93.3665386609733,0.5730571746826172,0.13973898485507655
0.001,512,128,0.999,0.9,0.3,0.01,1e-06,-19.893652547178498,0.544417142868042,1.6482234529255344
0.001,512,128,0.999,0.85,0.1,0.0,1e-05,-92.40737012748528,0.4162907600402832,0.14186099009314124
0.001,512,128,0.999,0.85,0.1,0.0,1e-06,-116.30539022215162,0.45104122161865234,1.6693888221068627
0.001,512,128,0.999,0.85,0.1,0.1,1e-05,-111.82612181295117,0.44933104515075684,0.14098758878277778
0.001,512,128,0.999,0.85,0.1,0.1,1e-06,-91.9429329727689,0.4455530643463135,0.06909569639568242
0.001,512,128,0.999,0.85,0.1,0.01,1e-05,-91.60273874319827,0.4725377559661865,0.2157240578575572
0.001,512,128,0.999,0.85,0.1,0.01,1e-06,-93.30005302401278,0.4635002613067627,0.13694381486937882
0.001,512,128,0.999,0.85,0.2,0.0,1e-05,0.3807217170302465,0.4925346374511719,0.29053770767604353
0.001,512,128,0.999,0.85,0.2,0.0,1e-06,-112.8586261294593,0.40953612327575684,0.2092865144445761
0.001,512,128,0.999,0.85,0.2,0.1,1e-05,-92.60555708542816,0.4612741470336914,0.16812816153436227
0.001,512,128,0.999,0.85,0.2,0.1,1e-06,-17.030041994882048,0.47080421447753906,0.1474679813222479
0.001,512,128,0.999,0.85,0.2,0.01,1e-05,-117.71864230632782,0.5524957180023193,0.9839138153402966
0.001,512,128,0.999,0.85,0.2,0.01,1e-06,-111.64075396677944,0.577913761138916,0.45805385452185293
0.001,512,128,0.999,0.85,0.3,0.0,1e-05,-92.0354272192606,0.6182639598846436,0.11997998127053351
0.001,512,128,0.999,0.85,0.3,0.0,1e-06,-110.520821386436,0.6257150173187256,0.12625870317449794
0.001,512,128,0.999,0.85,0.3,0.1,1e-05,-101.09921469166511,0.6124815940856934,0.19158898723073658
0.001,512,128,0.999,0.85,0.3,0.1,1e-06,-100.33666090029438,0.6064858436584473,5.0481438909899525
0.001,512,128,0.999,0.85,0.3,0.01,1e-05,-108.21666124043077,0.5957865715026855,6.1912523502495365
0.001,512,128,0.999,0.85,0.3,0.01,1e-06,-92.14612949241419,0.5919508934020996,0.24050088076194626
learning_rate,n_steps,batch_size,gamma,gae_lambda,clip_range,ent_coef,epsilon,mean_reward,training_time,standard deviation
